dataSet,num_nodes,num_edges,16_1,8_1
144,144650,1074393,91.9227,48.7607
2D_27628_bjtcai,27629,442898,11.8971,7.5517
2D_54019_highK,54020,996414,25.1374,15.6227
333SP,3712816,11108633,931.8136,522.2876
3D_28984_Tetra,28985,599170,18.1263,10.8818
3D_51448_3D,51449,1056610,31.7706,19.0618
3Dspectralwave,680944,17165766,827.9155,496.4828
3Dspectralwave2,292009,7307376,352.5727,211.415
3dtube,45331,1629474,29.5365,21.8888
598a,110972,741934,69.812,36.4835
a0nsdsil,80017,200021,18.2423,9.6015
a2nnsnsl,80017,196115,17.7792,9.2091
a5esindl,60009,145004,13.2012,6.9612
adaptive,6815745,13624320,1151.5845,646.9094
af_0_k101,503626,9027150,154.4486,106.1265
af_1_k101,503626,9027150,154.4486,106.1265
af_2_k101,503626,9027150,154.4486,106.1265
af_3_k101,503626,9027150,154.4486,106.1265
af_4_k101,503626,9027150,154.4486,106.1265
af_5_k101,503626,9027150,154.4486,106.1265
af_shell1,504856,9046865,154.8611,106.4344
af_shell10,1508066,27090195,462.8521,318.1244
af_shell2,504856,9046865,154.8611,106.4344
af_shell3,504856,9046865,154.8611,106.4344
af_shell4,504856,9046865,154.8611,106.4344
af_shell5,504856,9046865,154.8611,106.4344
af_shell6,504856,9046865,154.8611,106.4344
af_shell7,504856,9046865,154.8611,106.4344
af_shell8,504856,9046865,154.8611,106.4344
af_shell9,504856,9046865,154.8611,106.4344
ak2010,45293,108549,10.4955,5.8637
Andrews,60001,410077,40.2924,20.898
AS365,3799276,11368076,1002.8014,544.6145
as-caida,31380,106762,9.8127,5.4647
ASIC_680k,682863,3871773,251.6874,140.2652
as-Skitter,1696416,11095298,569.4136,337.1724
astro-ph,16707,121251,6.7246,3.7609
audikw_1,943696,39297771,771.7686,547.8981
auto,448696,3314611,287.6813,151.1651
barrier2-1,113077,3805068,220.138,120.4358
barrier2-10,115626,3897557,225.7298,123.0678
barrier2-11,115626,3897557,225.7298,123.0678
barrier2-12,115626,3897557,225.7298,123.0678
barrier2-2,113077,3805068,220.138,120.4358
barrier2-3,113077,3805068,220.138,120.4358
barrier2-4,113077,3805068,220.138,120.4358
barrier2-9,115626,3897557,225.7298,123.0678
bauru5727,40367,145019,8.9779,5.2719
bbmat,38745,1771722,32.4088,23.1395
bcsstk17,10975,219812,4.3023,3.0075
bcsstk18,11949,80519,3.8316,2.4173
bcsstk25,15440,133840,4.9582,3.1895
bcsstk29,13993,316740,5.8921,4.1729
bcsstk30,28925,1036208,16.2102,12.1532
bcsstk31,35589,608502,14.8485,10.0312
bcsstk32,44610,1029655,17.5058,12.5706
bcsstk35,30238,740200,11.5185,8.5375
bcsstk36,23053,583096,8.8527,6.3909
bcsstk37,25504,583240,9.1553,6.6159
bcsstk39,46773,1068033,19.5771,15.1534
bcsstm36,23053,166389,4.6172,3.2076
belgium_osm,1441296,1549970,168.7411,92.3059
BenElechi1,245875,6698185,90.1394,70.3757
blockqp1,60013,340022,15.36,9.6008
bloweya,30005,80005,5.2785,2.88
bloweybl,30004,70001,5.2792,2.88
bmw3_2,227363,5757996,99.2771,69.2751
bmw7st_1,141348,3740507,61.4346,43.0372
bmwcra_1,148771,5396386,98.4138,68.7533
bone010,986704,36326514,655.4388,424.7562
boneS01,127225,3421188,67.8989,44.1289
boneS10,914899,28191660,538.1169,350.4384
boyd1,93280,652246,26.8585,14.3839
boyd2,466317,890091,75.0436,41.9985
brack2,62632,366559,20.352,11.9654
brainpc2,27608,96601,4.638,2.65
bratu3d,27793,88627,7.0879,3.8481
Bump_2911,2911420,65320659,1492.8207,954.7261
bundle1,10582,390741,4.9697,3.9203
bundle_adj,513352,10360701,161.7807,121.4097
c-42,10472,60378,2.5736,1.4673
c-43,11126,67400,2.5037,1.4849
c-45,13207,93829,2.8547,1.756
c-46,14914,72655,3.3431,1.8766
c-47,15344,113372,7.2323,4.2144
c-48,18355,92217,4.9828,2.7249
c-49,21133,89087,5.4904,3.0002
c-50,22402,108013,5.7661,3.1976
c-51,23197,113123,6.2531,3.4095
c-52,23949,113332,6.1402,3.3573
c-53,30236,201224,7.1939,4.2751
c-54,31794,211743,8.0632,4.6771
c-55,32781,218115,11.6129,6.4105
c-56,35911,208405,9.2037,5.4021
c-57,37834,221515,8.3113,4.9121
c-58,37596,295076,19.1946,10.0808
c-59,41283,260909,13.7057,7.743
c-60,43641,171109,10.3949,5.631
c-61,43619,176817,11.1276,6.0699
c-62,41732,300537,17.0243,9.446
c-62ghs,41732,300537,17.0243,9.446
c-63,44235,239469,12.5545,6.9216
c-64,51036,384438,12.887,7.842
c-64b,51036,384438,12.887,7.842
c-65,48067,204297,12.1037,6.5495
c-66,49990,274498,13.3763,7.6278
c-66b,49990,274498,13.3763,7.6278
c-67b,57976,294955,12.4324,7.1094
c-68,64811,315408,18.9949,10.4252
c-69,67459,345714,18.763,10.3853
c-70,68925,363955,19.5771,10.949
c-71,76639,468096,26.1189,14.4492
c-73,169423,724348,44.0671,24.9853
c-73b,169423,724348,44.0671,24.9853
ca-AstroPh,18773,198110,18.5288,9.6511
ca-CondMat,23134,93497,9.282,4.9117
cage14,1505786,27130349,2179.0633,1155.1169
cage15,5154860,99199551,8034.8982,4233.9379
ca-HepPh,12009,118521,10.537,5.5811
caidaRouterLevel,192245,609066,56.3935,30.8513
cant,62452,2034917,40.3837,26.0529
case39,40217,526139,10.6368,7.3386
case9,14455,75801,2.4361,1.5652
c-big,345242,1343126,83.3434,44.9591
cbuckle,13682,345098,5.0258,3.7532
ccc,49153,73728,7.2737,4.0301
cfd1,70657,949510,38.0605,23.6387
Chebyshev4,68122,5377761,146.7871,94.4794
circuit_4,80210,307604,18.111,10.6387
circuit5M,5558327,59524291,2992.3185,1719.8968
circuit5M_dc,3523318,19194193,1140.3732,647.2696
citationCiteseer,268496,1156647,116.4157,61.1236
cit-Patents,3774769,16518948,1612.4106,829.8267
ckt11752_dc_1,49703,333029,17.1226,9.9249
ckt11752_tr_0,49703,333029,17.1226,9.9249
cnr-2000,325558,3216152,84.0461,55.4723
CO,221120,3943588,261.3612,138.3913
coAuthorsCiteseer,227321,814134,40.6472,24.8091
coAuthorsDBLP,299068,977676,59.3357,34.9989
cond-mat-2003,31164,120029,8.3866,4.6598
cond-mat-2005,40422,175693,12.4562,6.8605
conf5_4-8x8-05,49153,1916928,48.4639,32.0721
conf5_4-8x8-10,49153,1916928,48.4639,32.0721
conf5_4-8x8-15,49153,1916928,48.4639,32.0721
conf5_4-8x8-20,49153,1916928,48.4639,32.0721
conf6_0-8x8-20,49153,1916928,48.4639,32.0721
conf6_0-8x8-30,49153,1916928,48.4639,32.0721
conf6_0-8x8-80,49153,1916928,48.4639,32.0721
consph,83335,3046907,57.2721,37.1704
cont-201,80596,239596,17.3276,9.6192
cont-300,180896,539396,38.9514,21.6284
coPapersCiteseer,434103,16036720,240.4669,184.1668
coPapersDBLP,540487,15245729,287.5185,205.935
copter1,17223,114143,7.0963,3.9348
CoupCons3D,416801,22322336,421.6904,285.7997
crankseg_1,52805,5333507,85.7526,62.4941
crankseg_2,63839,7106348,115.19,83.3568
crplat2,18011,489478,6.8805,5.2458
crystk02,13966,491274,8.9203,5.8053
crystk03,24697,887937,16.0765,10.4302
crystm02,13966,168435,8.2752,5.2604
crystm03,24697,304233,14.9322,9.5059
ct2010,67579,168176,16.0243,8.9019
ct20stif,52330,1375396,23.3311,16.5723
Cube_Coup_dt0,2164761,64685452,1347.9936,910.4663
Cube_Coup_dt6,2164761,64685452,1347.9936,910.4663
CurlCurl_0,11084,62213,2.5536,1.68
CurlCurl_4,2380516,14448191,569.568,388.3515
cvxqp3,17501,69981,6.9466,3.5447
cyl6,13682,363961,5.0488,3.8911
darcy003,389875,1167685,94.3649,51.2874
dawson5,51538,531157,18.8844,12.7565
dblp-2010,326187,807700,47.1391,29.0285
dc3,116836,766396,40.674,24.2561
de2010,24116,58028,5.6195,3.1277
debr,1048577,2097149,201.3235,100.6633
delaunay_n15,32769,98274,5.8138,3.6008
delaunay_n16,65537,196575,11.636,7.243
delaunay_n17,131073,393176,23.3211,14.3547
delaunay_n18,262145,786396,46.6038,29.0077
delaunay_n19,524289,1572823,93.3404,57.5013
delaunay_n20,1048577,3145686,186.5311,116.0406
delaunay_n21,2097153,6291408,373.5552,230.0175
delaunay_n22,4194305,12582869,745.9914,463.8697
denormal,89401,622812,29.9512,17.1214
dictionary28,52653,89038,8.3113,4.891
dielFilterV2clx,607233,12958252,474.7791,306.1194
dielFilterV2real,1157457,24848204,932.6776,595.3544
dielFilterV3clx,420409,16653308,462.0234,315.2256
Dubcova1,16130,134569,6.0979,3.7348
Dubcova3,146690,1891669,50.572,33.3032
e40r0100,17282,553562,15.2548,10.7927
EAT_RS,23220,325592,29.2401,15.2456
ecology1,1000001,2998000,239.9032,143.9516
ecology2,1000000,2997995,239.712,143.7608
email-Enron,36693,183831,25.4784,14.3025
Emilia_923,923137,20964171,558.5357,347.3668
engine,143572,2424822,80.6623,47.2946
enron,69245,276143,18.9166,10.8004
eu-2005,862665,19235140,543.1442,342.6036
ex11,16615,1096948,19.4212,12.801
ex19,12006,259879,7.6692,5.6072
F1,343792,13590452,311.7627,198.6348
F2,71506,2682895,63.2801,40.214
Fault_639,638803,14626683,356.7506,229.1566
fcondp2,201823,5748069,86.9875,64.1837
fem_hifreq_circuit,491101,20239237,644.3228,423.3485
filter3D,106438,1406808,76.5251,42.6628
finance256,37377,167936,11.5315,7.0076
Flan_1565,1564795,59485419,1104.3049,725.452
flickr,820879,9837214,837.9364,448.6253
foldoc,13357,120238,6.4627,3.6941
Freescale1,3428756,18920347,1271.1283,694.3995
fullb,199188,5953632,88.7739,62.8477
FullChip,2987013,26621990,1326.0142,776.2161
fxm4_6,18893,258368,8.7652,5.621
G2_circuit,150103,438388,34.58,20.8524
G3_circuit,1585479,4623152,364.5565,219.994
Ga10As10H30,113082,3114357,151.2983,82.7485
Ga19As19H42,133124,4508981,194.37,107.5607
Ga3As3H12,61350,3016148,100.7409,57.671
Ga41As41H72,268097,9378286,404.8358,223.0287
GaAsH6,61350,1721579,79.1555,43.8927
gas_sensor,66918,885141,38.9952,22.6395
Ge87H76,112986,4002590,170.7948,94.8833
Ge99H100,112986,4282190,176.4027,98.4046
gearbox,153747,4617075,89.6755,62.4211
Geo_1438,1437961,32297325,824.183,521.7558
gridgena,48963,280523,11.7396,7.0641
gsm_106857,589447,11174185,791.5085,425.1636
gupta1,31803,1098006,27.807,19.5395
gupta2,62065,2155175,55.1693,38.6173
gupta3,16784,4670105,46.4102,37.4481
gyro,17362,519260,10.6092,7.0191
gyro_k,17362,519260,10.6092,7.0191
gyro_m,17362,178896,9.8189,6.1905
H2O,67025,1141880,74.0191,40.007
halfb,224618,6306219,95.6221,68.5981
Hamrle3,1447361,5514242,328.8599,195.9268
hangGlider_4,15562,79088,4.8184,2.5985
hangGlider_5,16012,82070,4.9567,2.6723
helm2d03,392258,1567096,89.6118,54.9212
helm3d01,32227,230335,13.6381,7.9292
hi2010,25017,62063,5.9028,3.2717
hollywood-2009,1139906,57515616,2580.9339,1512.9627
hood,220543,5494489,91.7944,63.638
Hook_1498,1498024,31207734,738.1893,485.6436
HTC_336_4438,226341,565431,47.6052,24.3706
HTC_336_9129,226341,554881,47.3994,24.2627
hugetric-00000,5824555,8733523,847.0019,438.3571
human_gene1,22284,12345963,466.613,328.0178
human_gene2,14341,9041364,279.2486,209.6237
HV15R,2017170,283073458,4651.2691,3185.3399
ibm_matrix_2,51449,1056610,31.7706,19.0618
igbt3,10939,234006,12.8356,7.0295
in-2004,1382909,16917053,353.611,244.881
inlet,11731,328323,6.7438,4.694
inline_1,503713,18660027,379.9611,264.6877
ins2,309413,1530448,112.9759,68.6868
italy_osm,6686494,7013978,727.114,384.2227
jan99jac120sc,41375,260202,14.9407,8.5778
juba40k,40338,144945,8.8742,5.1759
k3plates,11108,378927,6.6317,4.6003
kim1,38416,933195,23.6352,14.5083
kkt_power,2063495,8130343,790.7866,406.0308
kron_g500-logn16,65537,2456398,209.3691,111.858
kron_g500-logn17,131073,5114375,451.2699,237.0033
kron_g500-logn18,262145,10583222,957.6084,497.141
kron_g500-logn19,524289,21781478,2006.5667,1032.6781
kron_g500-logn20,1048577,44620272,4173.3312,2131.0902
laminar_duct3D,67174,3833077,78.7899,49.1693
language,399131,1216334,98.8385,53.4812
largebasis,440021,5560100,172.8061,105.6038
ldoor,952204,23737339,384.4616,270.394
lhr34,35153,764014,16.416,12.6282
lhr34c,35153,764014,16.416,12.6282
lhr71,70305,1528092,32.8381,25.2599
lhr71c,70305,1528092,32.8381,25.2599
li,22696,1350309,31.2415,21.7905
ljournal-2008,5363261,79023142,4881.8865,2761.238
Long_Coup_dt0,1470153,44279572,970.411,654.5123
Long_Coup_dt6,1470153,44279572,970.411,654.5123
lowThrust_10,18261,116074,6.8483,3.6465
lowThrust_11,18369,117002,6.8844,3.6741
lowThrust_12,18459,117423,6.9251,3.6918
lowThrust_13,18477,117580,6.9358,3.6964
lowThrust_4,13563,84240,5.0865,2.6853
lowThrust_5,16263,103701,6.1041,3.2471
lowThrust_6,16929,108376,6.3375,3.3792
lowThrust_7,17379,110607,6.5196,3.4714
lowThrust_8,17703,113139,6.6332,3.5512
lowThrust_9,18045,114806,6.7569,3.6031
lp1,534389,1088904,77.5818,51.6042
luxembourg_osm,114600,119666,12.7864,6.7964
m14b,214766,1679018,128.6477,68.6254
mario001,38435,114643,9.2859,5.0531
mario002,389875,1167685,94.3649,51.2874
mark3jac040sc,18290,113435,7.1862,4.206
mark3jac060sc,27450,170695,10.8465,6.3333
me2010,69519,167738,15.8001,8.8504
memplus,17759,126150,6.7515,3.959
mip1,66464,5209641,44.17,38.1711
ML_Laplace,377003,27689972,415.852,308.0636
mouse_gene,45102,14506196,856.6994,530.0924
msc10848,10849,620313,8.9004,6.594
msc23052,23053,588933,10.8872,7.3432
msdoor,415864,10328399,184.5519,126.0046
m_t1,97579,4925574,73.9999,54.8379
mult_dcop_01,25188,193276,14.2733,7.6831
mult_dcop_02,25188,193276,14.2733,7.6831
mult_dcop_03,25188,193216,14.2687,7.6819
NACA0015,1039184,3114818,274.8388,149.3119
nasasrb,54871,1366097,26.0206,19.9845
nd12k,36001,7128473,73.6819,60.2316
nd24k,72001,14393817,149.5073,121.9135
nd6k,18001,3457658,35.4839,29.2247
net100,29921,1031560,40.9667,22.8288
net125,36721,1306960,51.6111,28.7693
net150,43521,1582360,62.2472,34.7163
net4-1,88344,1265035,98.3985,51.9099
net50,16321,480760,19.6063,10.9544
net75,23121,756160,30.3084,16.8511
netherlands_osm,2216689,2441238,266.3101,154.2666
nh2010,48838,117275,11.1782,6.2465
NLR,4163764,12487976,1095.6895,595.7821
NotreDame_www,325730,929849,47.7903,28.1219
nv2010,84539,208499,20.1032,11.1072
ohne2,181344,11063545,366.7284,237.4045
oilpan,73753,1835470,25.8478,18.8406
olafu,16147,515651,7.6408,5.9067
onetone2,36058,227628,11.9908,7.3021
OPF_10000,43888,255799,9.643,5.093
opt1,15450,973052,13.1581,10.3526
p2p-Gnutella31,62587,147892,15.4629,8.4549
parabolic_fem,525826,2100225,150.8567,81.1484
patents,3774769,14970767,1467.7832,757.1866
pattern1,19243,4671337,251.0385,222.2926
pcrystk02,13966,491274,8.9203,5.8053
pcrystk03,24697,887937,16.0765,10.4302
pct20stif,52330,1375396,23.3311,16.5723
pdb1HYS,36418,2190591,25.8924,20.6719
pds10,16559,83108,5.6156,3.2613
PFlow_742,742794,18940627,373.3693,251.6721
pkustk01,22045,500712,10.2213,6.8172
pkustk02,10801,410400,6.8106,4.8349
pkustk03,63337,1596876,30.5679,21.2897
pkustk04,55591,2137125,44.286,29.4021
pkustk05,37165,1121154,22.5592,15.4191
pkustk06,43165,1307466,26.2902,17.9889
pkustk07,16861,1217832,23.9201,16.5147
pkustk08,22210,1624440,33.3151,22.8012
pkustk09,33961,808800,15.9383,10.9732
pkustk10,80677,2194830,39.5005,27.615
pkustk11,87805,2652858,53.2178,36.427
pkustk12,94654,3803485,86.6496,55.5656
pkustk13,94894,3355860,80.5501,53.6018
pkustk14,151927,7494215,143.169,98.0398
pli,22696,686502,16.8346,11.4954
PR02R,161071,8185136,147.5904,110.2172
Pres_Poisson,14823,365313,7.0694,5.2332
pwtk,217919,5926171,77.909,56.4637
qa8fk,66128,863353,34.9632,20.6001
qa8fm,66128,863353,34.9632,20.6001
raefsky3,21201,1488768,14.9353,11.934
raefsky4,19780,674195,11.5231,8.0175
rajat15,37262,443573,23.5116,13.7983
rajat22,39900,197264,10.4072,6.2223
rajat26,51033,249302,13.5621,7.983
rajat29,643995,4866270,240.6582,140.0828
rajat30,643995,6175377,312.1075,179.0534
ramage02,16831,1441591,20.7644,17.1456
Reuters911,13333,148038,12.7273,6.8675
rgg_n_2_15_s0,32769,160240,12.9285,7.5602
rgg_n_2_22_s0,4194305,30359198,2926.0301,1527.1557
ri2010,25182,62875,6.0411,3.3539
rim,22561,1014951,17.3583,13.6393
RM07R,381690,37464962,697.8094,465.7037
rma10,46836,2374001,34.7021,25.5452
roadNet-CA,1971282,2766607,439.6216,258.498
roadNet-PA,1090921,1541898,247.478,145.1455
roadNet-TX,1393384,1921660,312.1367,183.514
s3dkq4m2,90450,2455670,32.3958,24.3894
s3dkt3m2,90450,1921955,28.8499,21.5163
s4dkt3m2,90450,1921955,28.8499,21.5163
Serena,1391350,32961525,789.7444,516.3955
shermanACb,18511,145149,9.8227,5.4486
ship_001,34921,2339575,30.4059,21.8669
ship_003,121729,4103881,70.153,47.0089
shipsec1,140875,3977139,86.4069,57.9279
shipsec5,179861,5146478,105.9325,69.5071
shipsec8,114920,3384159,61.973,42.5706
Si10H16,17078,446500,20.9894,11.8226
Si34H36,97570,2626974,130.1184,71.3568
Si41Ge41H72,185640,7598452,297.5462,166.5492
Si5H12,19897,379247,22.828,12.3441
Si87H76,240370,5451000,309.1853,165.9406
sinc15,11533,568526,35.0508,18.2031
SiO,33402,675528,38.1366,20.8147
SiO2,155332,5719417,222.4351,125.1133
skirt,12599,104559,4.1119,2.5417
smallworld,100001,499998,23.3725,13.7537
sme3Dc,42931,3148656,254.7172,134.3708
smt,25711,1889447,27.9875,21.6995
soc-LiveJournal1,4847572,68993773,5253.6069,2823.1258
soc-sign-Slashdot090221,82145,549202,50.5759,26.8159
sparsine,50001,799494,77.495,39.4019
srb1,54925,1508538,23.0623,16.6464
Stanford,281904,2312497,227.8387,116.8819
std1_Jac2,21983,1248731,28.7025,19.6305
std1_Jac3,21983,1455848,31.7583,21.7567
stokes128,49667,295938,15.039,8.7114
stokes64,12547,74242,3.7832,2.1926
struct3,53571,613632,17.2831,12.2124
t2dah,11446,93781,2.8961,1.7741
t2dah_a,11446,93781,2.8961,1.7741
t2dah_e,11446,93781,2.8961,1.7741
t3dh,79172,2215638,63.148,40.1917
t3dh_a,79172,2215638,63.148,40.1917
t3dh_e,79172,2215638,63.148,40.1917
t3dl,20361,265113,12.407,7.5986
t3dl_a,20361,265113,12.407,7.5986
tandem_vtx,18455,135902,6.9627,4.176
ted_A,10606,424587,5.4213,4.593
ted_AB,10606,522387,7.819,6.5937
ted_AB_unscaled,10606,522387,7.819,6.5937
ted_A_unscaled,10606,424587,5.4213,4.593
ted_B_unscaled,10606,77592,2.1565,1.6485
thread,29737,2249892,31.124,24.2711
tmt_sym,726714,2903837,173.6986,104.3363
torso1,116159,8516500,93.4764,71.7535
transient,178867,961790,60.8901,32.2257
trdheim,22099,978711,11.401,8.8385
Trefethen_20000,20001,287233,19.8973,10.9083
Trefethen_20000b,20000,287217,19.8958,10.9075
troll,213454,6099282,98.8769,70.8922
TSOPF_FS_b162_c1,10799,305732,4.2793,3.062
TSOPF_FS_b162_c3,30799,904612,12.1636,8.8005
TSOPF_FS_b162_c4,40799,1204322,16.1057,11.6724
TSOPF_FS_b300,29215,2203949,19.6355,16.3626
TSOPF_FS_b300_c1,29215,2203949,19.6355,16.3626
TSOPF_FS_b300_c2,56815,4391071,38.582,32.3324
TSOPF_FS_b300_c3,84415,6578753,57.5386,48.2953
TSOPF_FS_b39_c19,76217,998359,20.1385,13.9104
TSOPF_FS_b39_c30,120217,1575639,31.7606,21.9402
TSOPF_FS_b39_c7,28217,368599,7.4619,5.1506
TSOPF_FS_b9_c6,14455,75801,2.4361,1.5652
TSOPF_RS_b162_c3,15375,610299,8.7383,6.1632
TSOPF_RS_b162_c4,20375,812749,11.5983,8.1842
TSOPF_RS_b2052_c1,25627,6761100,48.8732,44.7656
TSOPF_RS_b2383,38121,16171169,110.4453,103.5544
TSOPF_RS_b2383_c1,38121,16171169,110.4453,103.5544
TSOPF_RS_b300_c1,14539,1474325,13.5483,11.0876
TSOPF_RS_b300_c2,28339,2943887,26.7848,21.9782
TSOPF_RS_b300_c3,42139,4413449,40.0159,32.8827
TSOPF_RS_b39_c19,38099,684206,15.1649,9.8761
TSOPF_RS_b39_c30,60099,1079986,23.9247,15.5827
TSOPF_RS_b39_c7,14099,252446,5.6079,3.6507
TSOPF_RS_b678_c1,18697,4396289,32.62,29.4348
TSOPF_RS_b678_c2,35697,8781949,64.4567,58.3784
tsyl201,20686,1237821,20.4695,14.4357
tube1,21499,459277,7.1823,4.9943
tube2,21499,459277,7.5003,5.1636
turon_m,189925,912345,50.5613,29.0281
usroads,129165,165435,18.1041,11.2182
usroads-48,126147,161950,17.7324,11.0112
vanbody,47073,1191985,21.4679,14.7322
venturiLevel3,4026820,8054237,666.6532,391.8674
vibrobox,12329,177578,8.6538,5.4647
viscorocks,37763,1162244,22.6476,14.8689
vsp_barth5_1Ksep_50in_5Kout,32213,101805,10.4364,5.5707
vsp_bcsstk30_500sep_10in_1Kout,58349,2016578,192.6828,97.5337
vsp_befref_fxm_2_4_air02,14110,98224,4.5996,3.0298
vsp_bump2_e18_aa01_model1_crew1,56439,300801,20.6661,11.8813
vsp_c-30_data_data,11024,62184,1.9023,1.238
vsp_c-60_data_cti_cs4,85831,241080,15.999,9.1415
vsp_finan512_scagr7-2c_rlfddd,139753,552020,34.3734,20.092
vsp_mod2_pgp2_slptsk,101365,389368,28.9705,16.5308
vsp_model1_crew1_cr42_south31,45102,189976,10.9256,6.6493
vsp_msc10848_300sep_100in_1Kout,21997,1221028,112.5036,57.8008
vsp_p0291_seymourl_iiasa,10499,53868,4.4698,2.4334
vsp_sctap1-2b_and_seymourl,40175,140831,11.7773,7.0445
vsp_south31_slptsk,39669,189914,9.4702,6.0726
vsp_vibrobox_scagr7-2c_rlfddd,77329,435586,24.2604,14.2433
vt2010,32581,77799,7.4028,4.1449
wathen100,30402,251001,9.216,5.8076
wathen120,36442,301101,11.0531,6.9654
web-Google,916429,5105039,507.7747,263.8621
web-NotreDame,325730,1497134,68.9664,40.0236
wikipedia-20051105,1634990,19753078,1748.2698,912.6743
wikipedia-20060925,2983495,37269096,3393.3489,1762.507
wikipedia-20061104,3148441,39383235,3592.1787,1865.2938
wikipedia-20070206,3566908,45030389,4124.3551,2139.3212
wiki-Talk,2394386,5021410,481.1873,246.9277
windscreen,22693,752541,13.5667,8.7944
wing_nodal,10938,75488,7.2261,3.7793
wy2010,86205,213793,20.5571,11.3702
x104,108385,5138004,76.6065,57.6131
Zd_Jac2,22836,1642833,35.358,24.4543
Zd_Jac3,22836,1916152,39.135,27.1937
Zd_Jac6,22836,1711983,36.1766,24.922
GitHub,37700,615706,56.8343,29.4555
artist,50515,1638396,154.8288,78.8951
ell,203769,672479,58.9164,32.4707
amazon,403394,9068096,639.2648,349.3882
amazon0505,410236,4878874,349.7549,185.4812
dd,334925,1686092,99.8446,58.2202
yelp,716847,13954819,1342.954,681.7613
comamazon,334863,1851744,183.0436,95.2044
IGB_small,1000000,13068130,1275.2617,648.2719
AmazonProducts,1569960,264339468,24908.0932,12602.8865
ogb,2449029,126167053,12150.263,6104.2548
reddit,232965,114848857,5335.9565,3246.7561
IGB_medium,10000000,129994908,12678.8598,6445.0122
yeast,1710902,5347448,295.9795,195.9886
blog,88784,4186390,292.9705,166.3519
144,144650,1074393,88.8654,45.6598
2D_27628_bjtcai,27629,442898,11.3218,6.9104
2D_54019_highK,54020,996414,24.0128,14.5247
