dataSet,num_nodes,num_edges,advisor,tcgnn,gespmm
144,144650,1074393,0.6154,10000000,0.3755
2D_27628_bjtcai,27629,442898,0.1778,0.1159,0.0942
2D_54019_highK,54020,996414,0.3296,0.801,0.2193
333SP,3712816,11108633,12.5638,10000000,9.3196
3D_28984_Tetra,28985,599170,0.2199,3.9478,0.1209
3D_51448_3D,51449,1056610,0.3466,10000000,0.2287
3Dspectralwave,680944,17165766,5.0906,10000000,3.8397
3Dspectralwave2,292009,7307376,2.0365,10000000,1.608
3dtube,45331,1629474,0.4552,10000000,0.3017
598a,110972,741934,0.4971,0.3966,0.29
a0nsdsil,80017,200021,0.2553,6.6602,0.1322
a2nnsnsl,80017,196115,0.2525,6.553,0.1321
a5esindl,60009,145004,0.1876,2.2796,0.1049
af_0_k101,503626,9027150,2.7859,10000000,1.8866
af_1_k101,503626,9027150,2.7885,10000000,1.8855
af_2_k101,503626,9027150,2.7887,10000000,1.8863
af_3_k101,503626,9027150,2.7879,10000000,1.8849
af_4_k101,503626,9027150,2.7889,10000000,1.8841
af_5_k101,503626,9027150,2.7904,10000000,1.8859
af_shell1,504856,9046865,2.8208,10000000,1.8886
af_shell10,1508066,27090195,8.0906,10000000,5.7076
af_shell2,504856,9046865,2.8201,10000000,1.8887
af_shell3,504856,9046865,2.8225,10000000,1.8893
af_shell4,504856,9046865,2.8224,10000000,1.8898
af_shell5,504856,9046865,2.8206,10000000,1.8907
af_shell6,504856,9046865,2.8205,10000000,1.8898
af_shell7,504856,9046865,2.8181,10000000,1.8902
af_shell8,504856,9046865,2.8224,10000000,1.888
af_shell9,504856,9046865,2.8234,10000000,1.8919
ak2010,45293,108549,0.1405,0.1685,0.0754
amazon0505,410236,4878874,2.5961,10000000,1.809
Andrews,60001,410077,0.2673,0.2482,0.1486
AS365,3799276,11368076,13.1583,10000000,10.4735
as-caida,31380,106762,0.1152,1.179,0.0595
as-Skitter,1696416,11095298,6.5409,10000000,4.2544
astro-ph,16707,121251,0.0659,0.0726,0.0353
auto,448696,3314611,2.0588,10000000,1.3016
barrier2-1,113077,3805068,1.1218,10000000,0.874
barrier2-10,115626,3897557,1.1485,10000000,0.8962
barrier2-11,115626,3897557,1.1466,10000000,0.8953
barrier2-12,115626,3897557,1.1471,10000000,0.8968
barrier2-2,113077,3805068,1.1231,10000000,0.8742
barrier2-3,113077,3805068,1.1211,10000000,0.8744
barrier2-4,113077,3805068,1.1225,10000000,0.8745
barrier2-9,115626,3897557,1.1477,10000000,0.8963
bauru5727,40367,145019,0.1498,0.0838,0.0884
bbmat,38745,1771722,0.4559,10000000,0.3284
bcsstk17,10975,219812,0.0743,0.0547,0.0436
bcsstk18,11949,80519,0.0463,0.0401,0.0276
bcsstk25,15440,133840,0.0576,0.0418,0.0339
bcsstk29,13993,316740,0.0969,0.0578,0.0607
bcsstk30,28925,1036208,0.302,10000000,0.1913
bcsstk31,35589,608502,0.2173,0.1102,0.1256
bcsstk32,44610,1029655,0.3179,10000000,0.2035
bcsstk35,30238,740200,0.232,0.132,0.1417
bcsstk36,23053,583096,0.1876,0.0922,0.1117
bcsstk37,25504,583240,0.1846,0.0879,0.1132
bcsstk39,46773,1068033,0.3185,10000000,0.2105
bcsstm36,23053,166389,0.0685,0.0476,0.0379
belgium_osm,1441296,1549970,3.7855,10000000,2.8244
BenElechi1,245875,6698185,1.6655,10000000,1.2764
blockqp1,60013,340022,0.257,163.2815,0.1267
bloweya,30005,80005,0.1146,6.0611,0.0561
bloweybl,30004,70001,0.1139,6.0865,0.0647
bmw3_2,227363,5757996,1.7131,10000000,1.1878
bmw7st_1,141348,3740507,1.0974,10000000,0.7671
bmwcra_1,148771,5396386,1.4098,10000000,1.0415
bone010,986704,36326514,9.5763,10000000,6.8879
boneS01,127225,3421188,0.9717,10000000,0.6923
boneS10,914899,28191660,7.5789,10000000,5.5657
boyd1,93280,652246,0.7582,3683.4155,0.3384
boyd2,466317,890091,1.4027,103.3658,1.018
brack2,62632,366559,0.2399,0.1731,0.1402
brainpc2,27608,96601,0.0808,0.032,0.0512
bratu3d,27793,88627,0.044,0.0508,0.0402
Bump_2911,2911420,65320659,17.1906,10000000,13.9678
bundle1,10582,390741,0.1103,0.1121,0.0669
bundle_adj,513352,10360701,2.7569,10000000,2.0145
c-42,10472,60378,0.0514,0.2139,0.0256
c-43,11126,67400,0.0439,0.0662,0.0271
c-45,13207,93829,0.0456,0.0289,0.0319
c-46,14914,72655,0.052,0.0563,0.0333
c-47,15344,113372,0.0606,0.1688,0.0362
c-48,18355,92217,0.0794,0.2565,0.0424
c-49,21133,89087,0.0922,0.448,0.049
c-50,22402,108013,0.0954,0.4458,0.0548
c-51,23197,113123,0.1036,0.466,0.0577
c-52,23949,113332,0.1058,0.515,0.0597
c-53,30236,201224,0.1316,0.1325,0.0751
c-54,31794,211743,0.1429,0.5555,0.0775
c-55,32781,218115,0.169,1.0516,0.0809
c-56,35911,208405,0.1563,0.4697,0.0834
c-57,37834,221515,0.1458,0.084,0.0873
c-58,37596,295076,0.1787,2.3526,0.095
c-59,41283,260909,0.198,1.1391,0.0981
c-60,43641,171109,0.179,0.7572,0.0954
c-61,43619,176817,0.1856,1.029,0.0957
c-62,41732,300537,0.1896,2.3133,0.102
c-62ghs,41732,300537,0.1898,2.3048,0.1019
c-63,44235,239469,0.1984,1.2321,0.1007
c-64,51036,384438,0.2123,0.1488,0.1188
c-64b,51036,384438,0.2118,0.1493,0.1188
c-65,48067,204297,0.2072,1.2436,0.1038
c-66,49990,274498,0.2018,1.0956,0.1089
c-66b,49990,274498,0.203,1.0976,0.1089
c-67b,57976,294955,0.2231,0.2142,0.1249
c-68,64811,315408,0.269,1.0511,0.1445
c-69,67459,345714,0.2779,1.8577,0.1501
c-70,68925,363955,0.2868,1.9172,0.1544
c-71,76639,468096,0.3351,3.5396,0.1876
c-73,169423,724348,0.5679,0.2622,0.3837
c-73b,169423,724348,0.5675,0.2624,0.3837
ca-AstroPh,18773,198110,0.0924,0.2939,0.0498
ca-CondMat,23134,93497,0.083,0.1361,0.0365
cage14,1505786,27130349,9.772,10000000,8.4384
caidaRouterLevel,192245,609066,0.6044,0.3067,0.342
cant,62452,2034917,0.5412,10000000,0.3915
case39,40217,526139,0.1896,0.0812,0.1045
case9,14455,75801,0.0381,0.0225,0.0241
c-big,345242,1343126,1.2407,10000000,0.8614
cbuckle,13682,345098,0.1049,0.1709,0.0637
ccc,49153,73728,0.1453,0.0575,0.1087
cfd1,70657,949510,0.3183,0.222,0.2377
Chebyshev4,68122,5377761,1.9531,10000000,1.2882
circuit_4,80210,307604,0.3028,4.2173,0.1714
circuit5M_dc,3523318,19194193,100000,10000000,10.6818
citationCiteseer,268496,1156647,1.025,10000000,0.5726
cit-Patents,3774769,16518948,100000,10000000,11.6378
ckt11752_dc_1,49703,333029,0.2106,1.358,0.1317
ckt11752_tr_0,49703,333029,0.2086,1.3547,0.1318
cnr-2000,325558,3216152,1.2238,10000000,0.8332
CO,221120,3943588,1.1466,10000000,0.9425
coAuthorsCiteseer,227321,814134,0.7138,0.2431,0.4118
coAuthorsDBLP,299068,977676,0.9288,0.3417,0.5514
cond-mat-2003,31164,120029,0.1052,0.0565,0.0594
cond-mat-2005,40422,175693,0.1387,0.0789,0.0761
conf5_4-8x8-05,49153,1916928,0.5234,10000000,0.3795
conf5_4-8x8-10,49153,1916928,0.5249,10000000,0.3791
conf5_4-8x8-15,49153,1916928,0.5251,10000000,0.3792
conf5_4-8x8-20,49153,1916928,0.5243,10000000,0.3797
conf6_0-8x8-20,49153,1916928,0.5248,10000000,0.3796
conf6_0-8x8-30,49153,1916928,0.5251,10000000,0.3796
conf6_0-8x8-80,49153,1916928,0.5249,10000000,0.3795
consph,83335,3046907,0.8319,10000000,0.5774
cont-201,80596,239596,0.2469,0.1069,0.1506
cont-300,180896,539396,0.5398,0.2314,0.3424
coPapersCiteseer,434103,16036720,4.7087,10000000,3.246
coPapersDBLP,540487,15245729,4.8279,10000000,3.3336
copter1,17223,114143,0.0647,0.0494,0.0305
CoupCons3D,416801,22322336,5.5313,10000000,4.2829
crankseg_1,52805,5333507,1.282,10000000,0.9629
crankseg_2,63839,7106348,1.6989,10000000,1.2838
crplat2,18011,489478,0.1469,0.0651,0.092
crystk02,13966,491274,0.142,0.0706,0.0862
crystk03,24697,887937,0.2553,0.1226,0.1594
crystm02,13966,168435,0.0582,0.0565,0.0389
crystm03,24697,304233,0.1194,0.0958,0.0788
ct2010,67579,168176,0.1895,0.1075,0.112
ct20stif,52330,1375396,0.407,10000000,0.2722
Cube_Coup_dt0,2164761,64685452,16.6735,10000000,13.7822
Cube_Coup_dt6,2164761,64685452,16.677,10000000,13.7818
CurlCurl_0,11084,62213,0.034,0.0241,0.0213
CurlCurl_4,2380516,14448191,8.1419,10000000,5.535
cvxqp3,17501,69981,0.0496,0.0433,0.0303
cyl6,13682,363961,0.1085,0.2024,0.0667
darcy003,389875,1167685,1.3278,10000000,0.9806
dawson5,51538,531157,0.217,0.1298,0.157
dblp-2010,326187,807700,0.8112,0.3989,0.5143
dc3,116836,766396,0.5809,1974.9912,0.3282
de2010,24116,58028,0.0778,0.0483,0.0351
debr,1048577,2097149,3.3061,10000000,2.4061
delaunay_n15,32769,98274,0.1032,0.0431,0.0632
delaunay_n16,65537,196575,0.1918,0.0799,0.116
delaunay_n17,131073,393176,0.369,0.1459,0.2363
delaunay_n18,262145,786396,0.7241,0.2815,0.4924
delaunay_n19,524289,1572823,1.4353,10000000,1.0035
delaunay_n20,1048577,3145686,2.8496,10000000,2.0417
delaunay_n21,2097153,6291408,5.6965,10000000,4.1427
delaunay_n22,4194305,12582869,11.3468,10000000,8.2957
denormal,89401,622812,0.3063,0.1701,0.2132
dictionary28,52653,89038,0.1094,0.0761,0.0792
dielFilterV2clx,607233,12958252,3.6917,10000000,2.8911
dielFilterV2real,1157457,24848204,7.2622,10000000,5.6481
dielFilterV3clx,420409,16653308,4.319,10000000,3.3168
Dubcova1,16130,134569,0.0527,0.0466,0.0349
Dubcova3,146690,1891669,0.7081,10000000,0.4767
e40r0100,17282,553562,0.1726,0.1394,0.1069
EAT_RS,23220,325592,0.1371,0.4355,0.0756
ecology1,1000001,2998000,2.8533,10000000,2.1507
ecology2,1000000,2997995,2.8508,10000000,2.148
email-Enron,36693,183831,0.1966,1.33,0.1222
Emilia_923,923137,20964171,5.7781,10000000,4.4866
engine,143572,2424822,0.8961,10000000,0.6187
enron,69245,276143,0.1502,0.9109,0.112
eu-2005,862665,19235140,5.5086,10000000,4.1113
ex11,16615,1096948,0.2839,10000000,0.1933
ex19,12006,259879,0.0863,0.0641,0.0543
F1,343792,13590452,4.0418,10000000,2.8924
F2,71506,2682895,0.7686,10000000,0.5349
Fault_639,638803,14626683,4.0191,10000000,3.0611
fcondp2,201823,5748069,1.5968,10000000,1.1413
fem_hifreq_circuit,491101,20239237,5.3474,10000000,4.5687
filter3D,106438,1406808,0.4846,10000000,0.3625
finance256,37377,167936,0.1328,0.0788,0.0773
Flan_1565,1564795,59485419,15.4915,10000000,11.5525
flickr,820879,9837214,4.2978,10000000,3.0761
foldoc,13357,120238,0.0616,0.1079,0.0329
Freescale1,3428756,18920347,14.6203,10000000,11.5247
fullb,199188,5953632,1.7284,10000000,1.2193
fxm4_6,18893,258368,0.1099,0.1139,0.0575
G2_circuit,150103,438388,0.453,0.1992,0.3199
G3_circuit,1585479,4623152,4.7523,10000000,3.5386
Ga10As10H30,113082,3114357,0.8407,10000000,0.6921
Ga19As19H42,133124,4508981,1.1799,10000000,0.9658
Ga3As3H12,61350,3016148,0.7809,10000000,0.5923
Ga41As41H72,268097,9378286,2.4938,10000000,2.0008
GaAsH6,61350,1721579,0.4784,10000000,0.373
gas_sensor,66918,885141,0.2933,0.2246,0.2247
Ge87H76,112986,4002590,1.0442,10000000,0.8486
Ge99H100,112986,4282190,1.1073,10000000,0.8932
gearbox,153747,4617075,1.2631,10000000,0.9347
Geo_1438,1437961,32297325,8.8999,10000000,6.9893
gridgena,48963,280523,0.1707,0.0759,0.1077
gsm_106857,589447,11174185,5.1991,10000000,4.2466
gupta1,31803,1098006,0.2863,10000000,0.1823
gupta2,62065,2155175,0.5405,10000000,0.3826
gupta3,16784,4670105,1.2819,10000000,0.8683
gyro,17362,519260,0.1598,0.0942,0.0996
gyro_k,17362,519260,0.1598,0.0951,0.0997
gyro_m,17362,178896,0.0818,0.0758,0.0477
H2O,67025,1141880,0.3439,10000000,0.2732
halfb,224618,6306219,1.798,10000000,1.2897
Hamrle3,1447361,5514242,5.1559,10000000,3.7856
hangGlider_4,15562,79088,0.0613,3.3617,0.0317
hangGlider_5,16012,82070,0.0584,3.5012,0.0319
helm2d03,392258,1567096,1.2765,10000000,0.8768
helm3d01,32227,230335,0.1254,0.093,0.0774
hi2010,25017,62063,0.0797,0.0509,0.0384
hollywood-2009,1139906,57515616,17.538,10000000,13.2339
hood,220543,5494489,1.7195,10000000,1.1953
Hook_1498,1498024,31207734,8.9677,10000000,6.8417
HTC_336_4438,226341,565431,0.7502,0.3837,0.5019
HTC_336_9129,226341,554881,0.7501,0.3832,0.5034
human_gene1,22284,12345963,3.1028,10000000,2.2535
human_gene2,14341,9041364,2.2364,10000000,1.6158
ibm_matrix_2,51449,1056610,0.3486,10000000,0.2285
igbt3,10939,234006,0.0729,0.1128,0.0552
in-2004,1382909,16917053,5.8609,10000000,4.1276
inlet,11731,328323,0.0996,0.0491,0.0609
inline_1,503713,18660027,5.0772,10000000,3.7301
jan99jac120sc,41375,260202,0.1706,0.1088,0.0955
juba40k,40338,144945,0.1484,0.0831,0.0884
k3plates,11108,378927,0.1182,0.0568,0.0708
kim1,38416,933195,0.2445,0.1503,0.1918
kkt_power,2063495,8130343,7.0029,10000000,5.1494
kron_g500-logn16,65537,2456398,0.7418,10000000,0.5
kron_g500-logn17,131073,5114375,1.5867,10000000,1.0618
kron_g500-logn18,262145,10583222,3.4342,10000000,2.2542
kron_g500-logn19,524289,21781478,7.8342,10000000,5.136
kron_g500-logn20,1048577,44620272,17.7145,10000000,11.4727
laminar_duct3D,67174,3833077,0.9313,10000000,0.7215
language,399131,1216334,1.3723,10000000,0.9228
largebasis,440021,5560100,2.2708,10000000,1.6884
ldoor,952204,23737339,7.4583,10000000,5.2919
lhr34,35153,764014,0.2557,0.1196,0.1594
lhr34c,35153,764014,0.2555,0.1197,0.1597
lhr71,70305,1528092,0.4875,10000000,0.3392
lhr71c,70305,1528092,0.4881,10000000,0.339
li,22696,1350309,0.344,10000000,0.2406
Long_Coup_dt0,1470153,44279572,12.1028,10000000,9.2815
Long_Coup_dt6,1470153,44279572,12.1039,10000000,9.2748
lowThrust_10,18261,116074,0.0511,0.0569,0.0351
lowThrust_11,18369,117002,0.0513,0.0573,0.0354
lowThrust_12,18459,117423,0.0515,0.0573,0.0356
lowThrust_13,18477,117580,0.0515,0.0579,0.0358
lowThrust_4,13563,84240,0.0399,0.0504,0.0319
lowThrust_5,16263,103701,0.0445,0.0524,0.0336
lowThrust_6,16929,108376,0.0489,0.0549,0.0341
lowThrust_7,17379,110607,0.0497,0.0556,0.0346
lowThrust_8,17703,113139,0.0505,0.0559,0.0352
lowThrust_9,18045,114806,0.0513,0.0563,0.0354
lp1,534389,1088904,1.5473,10000000,1.0613
luxembourg_osm,114600,119666,0.318,0.0948,0.2197
m14b,214766,1679018,0.9169,10000000,0.5931
mario001,38435,114643,0.123,0.0586,0.0762
mario002,389875,1167685,1.3218,10000000,0.9822
mark3jac040sc,18290,113435,0.0768,0.0642,0.0317
mark3jac060sc,27450,170695,0.1172,0.0841,0.0624
me2010,69519,167738,0.1946,0.1264,0.1125
memplus,17759,126150,0.0633,0.6102,0.0362
mip1,66464,5209641,1.3739,10000000,0.9142
ML_Laplace,377003,27689972,6.8792,10000000,5.033
mouse_gene,45102,14506196,3.7124,10000000,2.6896
msc10848,10849,620313,0.1672,0.208,0.1148
msc23052,23053,588933,0.1973,0.189,0.1171
msdoor,415864,10328399,3.1971,10000000,2.2443
m_t1,97579,4925574,1.2804,10000000,0.9036
mult_dcop_01,25188,193276,0.1557,29.8194,0.0797
mult_dcop_02,25188,193276,0.1569,29.7259,0.0808
mult_dcop_03,25188,193216,0.1583,28.2108,0.0799
NACA0015,1039184,3114818,3.5469,10000000,2.7528
nasasrb,54871,1366097,0.3831,10000000,0.2724
nd12k,36001,7128473,1.6437,10000000,1.2938
nd24k,72001,14393817,3.3851,10000000,2.7017
nd6k,18001,3457658,0.8076,10000000,0.6331
net100,29921,1031560,0.3211,10000000,0.1986
net125,36721,1306960,0.404,10000000,0.2536
net150,43521,1582360,0.4905,10000000,0.3118
net4-1,88344,1265035,0.5039,10000000,0.3445
net50,16321,480760,0.1547,0.4286,0.0997
net75,23121,756160,0.2435,0.5326,0.1548
netherlands_osm,2216689,2441238,5.499,10000000,4.1647
nh2010,48838,117275,0.1438,0.0828,0.0898
NLR,4163764,12487976,14.4525,10000000,11.5285
NotreDame_www,325730,929849,0.5953,0.3681,0.4242
nv2010,84539,208499,0.2353,0.1386,0.1371
ohne2,181344,11063545,2.84,10000000,2.1835
oilpan,73753,1835470,0.5637,10000000,0.3903
olafu,16147,515651,0.1535,0.0664,0.0948
onetone2,36058,227628,0.1442,0.0821,0.0829
OPF_10000,43888,255799,0.1846,0.1146,0.1084
opt1,15450,973052,0.2558,0.165,0.1754
p2p-Gnutella31,62587,147892,0.1199,0.1103,0.0738
parabolic_fem,525826,2100225,2.0184,10000000,1.4968
patents,3774769,14970767,13.1806,10000000,10.9154
pattern1,19243,4671337,1.1508,10000000,0.8621
pcrystk02,13966,491274,0.1414,0.0711,0.0861
pcrystk03,24697,887937,0.2549,0.1225,0.1595
pct20stif,52330,1375396,0.4058,10000000,0.2712
pdb1HYS,36418,2190591,0.5568,10000000,0.3818
pds10,16559,83108,0.0621,0.1,0.0328
PFlow_742,742794,18940627,5.2022,10000000,3.8551
pkustk01,22045,500712,0.184,0.1409,0.1034
pkustk02,10801,410400,0.1204,0.1529,0.0768
pkustk03,63337,1596876,0.5093,10000000,0.3315
pkustk04,55591,2137125,0.6403,10000000,0.432
pkustk05,37165,1121154,0.3427,10000000,0.2194
pkustk06,43165,1307466,0.3949,10000000,0.2592
pkustk07,16861,1217832,0.3146,10000000,0.2263
pkustk08,22210,1624440,0.4173,10000000,0.2996
pkustk09,33961,808800,0.2772,0.1541,0.1594
pkustk10,80677,2194830,0.6614,10000000,0.454
pkustk11,87805,2652858,0.7805,10000000,0.5503
pkustk12,94654,3803485,1.1003,10000000,0.7626
pkustk13,94894,3355860,0.9281,10000000,0.6913
pkustk14,151927,7494215,1.9345,10000000,1.423
pli,22696,686502,0.1973,0.1348,0.13
PR02R,161071,8185136,2.1983,10000000,1.489
Pres_Poisson,14823,365313,0.1124,0.0763,0.0691
pwtk,217919,5926171,1.5078,10000000,1.1489
qa8fk,66128,863353,0.285,0.2012,0.2165
qa8fm,66128,863353,0.2852,0.2017,0.2167
raefsky3,21201,1488768,0.3949,10000000,0.2598
raefsky4,19780,674195,0.2013,0.1125,0.1251
rajat15,37262,443573,0.2173,1.288,0.1138
rajat22,39900,197264,0.1504,2.5935,0.1007
rajat26,51033,249302,0.1866,2.6028,0.1263
ramage02,16831,1441591,0.36,10000000,0.2629
Reuters911,13333,148038,0.0796,0.7217,0.0367
rgg_n_2_15_s0,32769,160240,0.121,0.0848,0.0709
rgg_n_2_22_s0,4194305,30359198,15.3754,10000000,11.1339
ri2010,25182,62875,0.0786,0.0572,0.0398
rim,22561,1014951,0.2911,10000000,0.1839
RM07R,381690,37464962,9.3261,10000000,7.4656
rma10,46836,2374001,0.6135,10000000,0.4374
roadNet-CA,1971282,2766607,5.8059,10000000,4.1515
roadNet-PA,1090921,1541898,3.2063,10000000,2.2985
roadNet-TX,1393384,1921660,4.0493,10000000,2.9432
s3dkq4m2,90450,2455670,0.6224,10000000,0.4763
s3dkt3m2,90450,1921955,0.5428,10000000,0.4154
s4dkt3m2,90450,1921955,0.5429,10000000,0.4146
Serena,1391350,32961525,9.4138,10000000,7.2881
shermanACb,18511,145149,0.1026,6.7019,0.0537
ship_001,34921,2339575,0.5881,10000000,0.4165
ship_003,121729,4103881,1.1214,10000000,0.8193
shipsec1,140875,3977139,1.0962,10000000,0.8226
shipsec5,179861,5146478,1.3981,10000000,1.056
shipsec8,114920,3384159,0.9388,10000000,0.6877
Si10H16,17078,446500,0.134,0.2045,0.093
Si34H36,97570,2626974,0.7128,10000000,0.5875
Si41Ge41H72,185640,7598452,1.9545,10000000,1.5714
Si5H12,19897,379247,0.1264,0.2096,0.0844
Si87H76,240370,5451000,1.5428,10000000,1.245
sinc15,11533,568526,0.1467,0.409,0.1105
SiO,33402,675528,0.2089,0.4044,0.146
SiO2,155332,5719417,1.547,10000000,1.1674
skirt,12599,104559,0.0471,0.0364,0.0268
smallworld,100001,499998,0.3475,0.1451,0.2348
sme3Dc,42931,3148656,0.9554,10000000,0.6262
smt,25711,1889447,0.4754,10000000,0.3317
soc-sign-Slashdot090221,82145,549202,0.263,0.5708,0.1749
sparsine,50001,799494,0.3207,0.4716,0.2065
srb1,54925,1508538,0.435,10000000,0.2941
Stanford,281904,2312497,1.7744,10000000,1.0169
std1_Jac2,21983,1248731,0.3454,10000000,0.2455
std1_Jac3,21983,1455848,0.3934,10000000,0.2734
stokes128,49667,295938,0.1774,0.0941,0.1076
stokes64,12547,74242,0.0364,0.029,0.0246
struct3,53571,613632,0.2408,0.1067,0.1442
t2dah,11446,93781,0.0396,0.0264,0.0243
t2dah_a,11446,93781,0.0398,0.0261,0.0244
t2dah_e,11446,93781,0.0397,0.0263,0.0244
t3dh,79172,2215638,0.6121,10000000,0.4632
t3dh_a,79172,2215638,0.6125,10000000,0.4626
t3dh_e,79172,2215638,0.6123,10000000,0.4627
t3dl,20361,265113,0.103,0.0877,0.0674
t3dl_a,20361,265113,0.1029,0.0867,0.0675
tandem_vtx,18455,135902,0.0794,0.0666,0.0396
ted_A,10606,424587,0.1237,0.0632,0.0788
ted_AB,10606,522387,0.1449,0.1025,0.0977
ted_AB_unscaled,10606,522387,0.1447,0.1029,0.0976
ted_A_unscaled,10606,424587,0.1238,0.063,0.0786
ted_B_unscaled,10606,77592,0.0413,0.0213,0.0302
thread,29737,2249892,0.5606,10000000,0.4087
tmt_sym,726714,2903837,2.1761,10000000,1.572
torso1,116159,8516500,2.3785,10000000,1.6188
transient,178867,961790,0.7487,714.5895,0.4939
trdheim,22099,978711,0.2828,0.1026,0.1669
Trefethen_20000,20001,287233,0.1093,0.1251,0.0688
Trefethen_20000b,20000,287217,0.1081,0.1253,0.0684
troll,213454,6099282,1.6288,10000000,1.2087
TSOPF_FS_b162_c1,10799,305732,0.0969,0.0575,0.056
TSOPF_FS_b162_c3,30799,904612,0.2529,0.1147,0.156
TSOPF_FS_b162_c4,40799,1204322,0.3329,10000000,0.2072
TSOPF_FS_b300,29215,2203949,0.5229,10000000,0.3712
TSOPF_FS_b300_c1,29215,2203949,0.5231,10000000,0.3707
TSOPF_FS_b300_c2,56815,4391071,1.0822,10000000,0.7469
TSOPF_FS_b300_c3,84415,6578753,1.6083,10000000,1.1182
TSOPF_FS_b39_c19,76217,998359,0.376,0.1421,0.208
TSOPF_FS_b39_c30,120217,1575639,0.5741,10000000,0.3614
TSOPF_FS_b39_c7,28217,368599,0.1348,0.0585,0.0715
TSOPF_FS_b9_c6,14455,75801,0.0373,0.0221,0.0241
TSOPF_RS_b162_c3,15375,610299,0.1753,0.087,0.1045
TSOPF_RS_b162_c4,20375,812749,0.2399,0.1027,0.1394
TSOPF_RS_b2052_c1,25627,6761100,1.5809,10000000,1.1579
TSOPF_RS_b2383,38121,16171169,3.9639,10000000,2.8584
TSOPF_RS_b2383_c1,38121,16171169,3.9387,10000000,2.8617
TSOPF_RS_b300_c1,14539,1474325,0.3541,10000000,0.2636
TSOPF_RS_b300_c2,28339,2943887,0.7584,10000000,0.5178
TSOPF_RS_b300_c3,42139,4413449,1.1225,10000000,0.7763
TSOPF_RS_b39_c19,38099,684206,0.2412,0.1031,0.1494
TSOPF_RS_b39_c30,60099,1079986,0.3618,10000000,0.263
TSOPF_RS_b39_c7,14099,252446,0.0817,0.0422,0.0536
TSOPF_RS_b678_c1,18697,4396289,1.0187,10000000,0.8038
TSOPF_RS_b678_c2,35697,8781949,2.0168,10000000,1.5247
tsyl201,20686,1237821,0.322,10000000,0.221
tube1,21499,459277,0.1593,0.0588,0.0894
tube2,21499,459277,0.1514,0.0649,0.092
turon_m,189925,912345,0.6373,0.2903,0.4564
usroads,129165,165435,0.3551,0.1182,0.2383
usroads-48,126147,161950,0.3485,0.1167,0.2342
vanbody,47073,1191985,0.3557,10000000,0.2338
venturiLevel3,4026820,8054237,11.2173,10000000,8.4836
vibrobox,12329,177578,0.0696,0.1086,0.0419
viscorocks,37763,1162244,0.3128,10000000,0.2154
vsp_barth5_1Ksep_50in_5Kout,32213,101805,0.1072,0.0733,0.0609
vsp_bcsstk30_500sep_10in_1Kout,58349,2016578,0.6819,10000000,0.4508
vsp_befref_fxm_2_4_air02,14110,98224,0.0426,0.0699,0.0296
vsp_bump2_e18_aa01_model1_crew1,56439,300801,0.1796,0.1288,0.1039
vsp_c-30_data_data,11024,62184,0.0306,0.0211,0.0208
vsp_c-60_data_cti_cs4,85831,241080,0.2004,0.8448,0.1276
vsp_finan512_scagr7-2c_rlfddd,139753,552020,0.4222,0.198,0.2716
vsp_mod2_pgp2_slptsk,101365,389368,0.2876,0.3491,0.1643
vsp_model1_crew1_cr42_south31,45102,189976,0.1419,0.0889,0.0803
vsp_msc10848_300sep_100in_1Kout,21997,1221028,0.343,10000000,0.2439
vsp_p0291_seymourl_iiasa,10499,53868,0.0368,0.2779,0.0215
vsp_sctap1-2b_and_seymourl,40175,140831,0.1335,0.5453,0.0743
vsp_south31_slptsk,39669,189914,0.1398,0.1035,0.0738
vsp_vibrobox_scagr7-2c_rlfddd,77329,435586,0.2522,0.1423,0.1339
vt2010,32581,77799,0.1081,0.062,0.0561
wathen100,30402,251001,0.1231,0.0623,0.0787
wathen120,36442,301101,0.1438,0.0713,0.0855
web-Google,916429,5105039,4.014,10000000,2.776
web-NotreDame,325730,1497134,0.7704,10000000,0.5598
wikipedia-20051105,1634990,19753078,10.7149,10000000,7.4151
wikipedia-20060925,2983495,37269096,21.5074,10000000,15.1879
wikipedia-20061104,3148441,39383235,22.8491,10000000,16.1822
wikipedia-20070206,3566908,45030389,26.331,10000000,18.7122
wiki-Talk,2394386,5021410,2.9734,10000000,3.004
windscreen,22693,752541,0.2245,0.1073,0.1348
wing_nodal,10938,75488,0.0424,0.0645,0.0281
wy2010,86205,213793,0.2386,0.1584,0.1419
x104,108385,5138004,1.3297,10000000,0.949
Zd_Jac2,22836,1642833,0.4363,10000000,0.3002
ogb,2449029,126167053,79.2354,10000000,65.0844
reddit,232965,114848857,34.4887,10000000,25.9583
GitHub,37700,615706,0.2719,6.2546,0.1472
artist,50515,1638396,0.557,10000000,0.3725
ell,203769,672479,0.6481,0.3999,0.4386
amazon,403394,9068096,3.6298,10000000,2.6132
amazon0505,410236,4878874,2.6005,10000000,1.8108
dd,334925,1686092,1.084,10000000,0.7419
yelp,716847,13954819,8.0009,10000000,5.4464
comamazon,334863,1851744,1.6796,10000000,1.1677
IGB_small,1000000,13068130,9.6805,10000000,7.7955
