dataSet,rows_,columns_,nonzeros_,sputnik,Sputnik_gflops,cusparse,cuSPARSE_gflops,rode,ours_gflops
144, 144650, 144650, 1074393, 0.664624, 827.669775, 0.408582, 1346.336049, 0.238915, 2302.445405
2D_27628_bjtcai, 27629, 27629, 442898, 0.133328, 1700.796394, 0.099786, 2272.509974, 0.053382, 4247.912509
2D_54019_highK, 54020, 54020, 996414, 0.304374, 1676.106642, 0.191696, 2661.317752, 0.108986, 4681.021664
333SP, 3712816, 3712816, 11108633, 14.320871, 397.156018, 9.032173, 629.706716, 6.472276, 878.766681
3D_28984_Tetra, 28985, 28985, 599170, 0.267875, 1145.216303, 0.123738, 2479.238698, 0.061216, 5011.353673
3D_51448_3D, 51449, 51449, 1056610, 0.456602, 1184.805959, 0.198912, 2719.716851, 0.110522, 4894.828768
3Dspectralwave, 680944, 680944, 17165766, 7.661945, 1147.081035, 2.814147, 3123.103239, 2.395354, 3669.133663
3Dspectralwave2, 292009, 292009, 7307376, 2.898666, 1290.723734, 1.205968, 3102.384571, 1.013184, 3692.692150
3dtube, 45331, 45331, 1629474, 0.374320, 2228.816718, 0.249542, 3343.282253, 0.206211, 4045.806680
598a, 110972, 110972, 741934, 0.473827, 801.706176, 0.350214, 1084.678978, 0.185974, 2042.594129
a0nsdsil, 80017, 80017, 200021, 0.475184, 215.518093, 0.174080, 588.297051, 0.099523, 1029.013873
a2nnsnsl, 80017, 80017, 196115, 0.479616, 209.356809, 0.174243, 576.268572, 0.102346, 981.096229
a5esindl, 60009, 60009, 145004, 0.375123, 197.913778, 0.126461, 587.075572, 0.086704, 856.270182
af_0_k101, 503626, 503626, 9027150, 4.543059, 1017.354307, 1.487962, 3106.196334, 0.936688, 4934.301063
af_1_k101, 503626, 503626, 9027150, 4.542167, 1017.554240, 1.487846, 3106.436847, 0.939296, 4920.601173
af_2_k101, 503626, 503626, 9027150, 4.538662, 1018.339867, 1.490221, 3101.487174, 0.935850, 4938.721929
af_3_k101, 503626, 503626, 9027150, 4.538406, 1018.397301, 1.488659, 3104.740714, 0.934723, 4944.673318
af_4_k101, 503626, 503626, 9027150, 4.539584, 1018.133122, 1.490202, 3101.527268, 0.934614, 4945.249011
af_5_k101, 503626, 503626, 9027150, 4.539501, 1018.151774, 1.489946, 3102.060097, 0.935798, 4938.992205
af_shell1, 504856, 504856, 9046865, 4.654138, 995.242396, 1.447482, 3200.037069, 0.937498, 4940.807104
af_shell10, 1508066, 1508066, 27090195, 14.957332, 927.316448, 4.244605, 3267.719906, 2.820666, 4917.342944
af_shell2, 504856, 504856, 9046865, 4.654509, 995.162950, 1.450534, 3193.302244, 0.937936, 4938.497703
af_shell3, 504856, 504856, 9046865, 4.652157, 995.666107, 1.446973, 3201.162268, 0.936618, 4945.449511
af_shell4, 504856, 504856, 9046865, 4.653447, 995.390148, 1.448822, 3197.075688, 0.938102, 4937.621631
af_shell5, 504856, 504856, 9046865, 4.654720, 995.117849, 1.447091, 3200.900459, 0.936989, 4943.489964
af_shell6, 504856, 504856, 9046865, 4.653376, 995.405244, 1.450150, 3194.147930, 0.937827, 4939.070707
af_shell7, 504856, 504856, 9046865, 4.653708, 995.334094, 1.449942, 3194.606135, 0.938573, 4935.147213
af_shell8, 504856, 504856, 9046865, 4.654509, 995.162950, 1.449027, 3196.623927, 0.936637, 4945.347796
af_shell9, 504856, 504856, 9046865, 4.654787, 995.103496, 1.449264, 3196.101626, 0.937562, 4940.469878
ak2010, 45293, 45293, 108549, 0.131840, 421.549506, 0.097843, 568.021978, 0.058950, 942.777109
amazon0505, 410236, 410236, 4878874, 2.780749, 898.313265, 1.906301, 1310.382691, 1.341126, 1862.601027
Andrews, 60001, 60001, 410077, 0.242435, 866.043504, 0.177030, 1186.007760, 0.098579, 2129.855264
AS365, 3799276, 3799276, 11368076, 15.275670, 381.027802, 9.857200, 590.477518, 7.520214, 773.974630
as-caida, 31380, 31380, 106762, 0.213325, 256.239039, 0.075584, 723.197287, 0.059597, 917.199300
as-Skitter, 1696416, 1696416, 11095298, 7.427834, 764.798044, 3.751977, 1514.079580, 2.976877, 1908.306221
astro-ph, 16707, 16707, 121251, 0.055661, 1115.336280, 0.046909, 1323.430008, 0.023949, 2592.218004
auto, 448696, 448696, 3314611, 2.371235, 715.694832, 1.486406, 1141.734056, 0.872518, 1945.037201
barrier2-1, 113077, 113077, 3805068, 1.018134, 1913.494731, 0.681997, 2856.603949, 0.620483, 3139.802644
barrier2-10, 115626, 115626, 3897557, 1.122166, 1778.300533, 0.696099, 2866.759830, 0.638531, 3125.217936
barrier2-11, 115626, 115626, 3897557, 1.123670, 1775.920418, 0.696253, 2866.127243, 0.638029, 3127.678790
barrier2-12, 115626, 115626, 3897557, 1.121974, 1778.604959, 0.697155, 2862.417456, 0.638365, 3126.032653
barrier2-2, 113077, 113077, 3805068, 1.018611, 1912.598977, 0.682608, 2854.046334, 0.620077, 3141.860521
barrier2-3, 113077, 113077, 3805068, 1.019206, 1911.482072, 0.682691, 2853.698476, 0.620006, 3142.217175
barrier2-4, 113077, 113077, 3805068, 1.017315, 1915.035597, 0.683312, 2851.105869, 0.620858, 3137.909164
barrier2-9, 115626, 115626, 3897557, 1.127837, 1769.359880, 0.698150, 2858.337107, 0.638208, 3126.800604
bauru5727, 40367, 40367, 145019, 0.130870, 567.353099, 0.096349, 770.634708, 0.058109, 1277.770788
bbmat, 38745, 38745, 1771722, 0.310813, 2918.546609, 0.270278, 3356.249125, 0.170400, 5323.483956
bcsstk17, 10975, 10975, 219812, 0.057011, 1974.063798, 0.051331, 2192.501791, 0.026419, 4259.922720
bcsstk18, 11949, 11949, 80519, 0.040992, 1005.701778, 0.038934, 1058.850972, 0.018230, 2261.372716
bcsstk25, 15440, 15440, 133840, 0.058595, 1169.482857, 0.049414, 1386.763393, 0.023110, 2965.161987
bcsstk29, 13993, 13993, 316740, 0.073984, 2191.972404, 0.063581, 2550.626640, 0.033075, 4903.096193
bcsstk30, 28925, 28925, 1036208, 0.213626, 2483.496833, 0.169632, 3127.584879, 0.118803, 4465.691851
bcsstk31, 35589, 35589, 608502, 0.177968, 1750.612591, 0.126259, 2467.566992, 0.072179, 4316.382441
bcsstk32, 44610, 44610, 1029655, 0.262154, 2010.971265, 0.181187, 2909.605968, 0.119299, 4419.001740
bcsstk35, 30238, 30238, 740200, 0.175923, 2154.249073, 0.132234, 2866.006914, 0.082646, 4585.588740
bcsstk36, 23053, 23053, 583096, 0.134854, 2213.833228, 0.107066, 2788.432215, 0.060883, 4903.571941
bcsstk37, 25504, 25504, 583240, 0.140928, 2118.946499, 0.109962, 2715.664980, 0.060086, 4969.824842
bcsstk39, 46773, 46773, 1068033, 0.276170, 1980.061803, 0.192054, 2847.281228, 0.105664, 5175.205188
bcsstm36, 23053, 23053, 166389, 0.077222, 1103.192429, 0.055750, 1528.081740, 0.031290, 2722.667097
belgium_osm, 1441296, 1441296, 1549970, 4.936471, 160.759525, 2.475977, 320.513670, 1.866346, 425.207765
BenElechi1, 245875, 245875, 6698185, 2.109977, 1625.358881, 0.960922, 3568.939250, 0.725459, 4727.310299
blockqp1, 60013, 60013, 340022, 1.859542, 93.620483, 0.149072, 1167.833396, 0.089776, 1939.173822
bloweya, 30005, 30005, 80005, 0.433277, 94.541319, 0.069459, 589.735558, 0.055731, 735.002281
bloweybl, 30004, 30004, 70001, 0.440032, 81.449784, 0.069696, 514.240608, 0.058365, 614.077499
bmw3_2, 227363, 227363, 5757996, 1.684778, 1749.841569, 0.876496, 3363.499497, 0.771114, 3823.164322
bmw7st_1, 141348, 141348, 3740507, 0.969680, 1975.022212, 0.576486, 3322.089809, 0.497638, 3848.456070
bmwcra_1, 148771, 148771, 5396386, 1.188378, 2324.976253, 0.789510, 3499.573477, 0.710637, 3887.991175
bone010, 986704, 986704, 36326514, 8.086589, 2300.002517, 5.199008, 3577.446799, 5.582445, 3331.725786
boneS01, 127225, 127225, 3421188, 0.890614, 1966.786331, 0.531821, 3293.681226, 0.491418, 3564.480109
boneS10, 914899, 914899, 28191660, 9.714528, 1485.829273, 4.077837, 3539.653486, 4.156355, 3472.785392
boyd1, 93280, 93280, 652246, 5.204237, 64.168860, 0.394269, 847.010854, 0.315072, 1059.916351
boyd2, 466317, 466317, 890091, 1.913635, 238.147051, 0.957853, 475.779340, 0.711357, 640.644193
brack2, 62632, 62632, 366559, 0.242019, 775.468259, 0.160157, 1171.840408, 0.097482, 1925.267982
brainpc2, 27608, 27608, 96601, 0.078294, 631.714535, 0.058976, 838.641338, 0.030422, 1625.766201
bratu3d, 27793, 27793, 88627, 0.077078, 588.712568, 0.073594, 616.589280, 0.032896, 1379.408554
Bump_2911, 2911420, 2911420, 65320659, 26.076336, 1282.548919, 10.715117, 3121.214428, 6.222787, 5374.469173
bundle1, 10582, 10582, 390741, 0.061264, 3265.529257, 0.063706, 3140.373753, 0.039542, 5059.363816
bundle_adj, 513352, 513352, 10360701, 2.863395, 1852.583626, 1.441818, 3679.160959, 1.257187, 4219.482201
c-42, 10472, 10472, 60378, 0.047219, 654.681500, 0.033590, 920.308654, 0.024698, 1251.681767
c-43, 11126, 11126, 67400, 0.038186, 903.712407, 0.034739, 993.367743, 0.015290, 2257.011273
c-45, 13207, 13207, 93829, 0.043872, 1095.013889, 0.040509, 1185.926197, 0.018563, 2587.939936
c-46, 14914, 14914, 72655, 0.047258, 787.161443, 0.041907, 887.660350, 0.019254, 1931.992704
c-47, 15344, 15344, 113372, 0.058429, 993.456376, 0.044602, 1301.443496, 0.029219, 1986.586272
c-48, 18355, 18355, 92217, 0.074448, 634.202438, 0.049760, 948.856612, 0.036563, 1291.328557
c-49, 21133, 21133, 89087, 0.096048, 474.893233, 0.057642, 791.312919, 0.044838, 1017.265231
c-50, 22402, 22402, 108013, 0.098582, 560.979005, 0.066752, 828.479403, 0.050352, 1098.320915
c-51, 23197, 23197, 113123, 0.101341, 571.526760, 0.070960, 816.220100, 0.055242, 1048.466612
c-52, 23949, 23949, 113332, 0.107613, 539.210797, 0.073110, 793.676176, 0.051267, 1131.834452
c-53, 30236, 30236, 201224, 0.111040, 927.834038, 0.080675, 1277.055212, 0.045683, 2255.242406
c-54, 31794, 31794, 211743, 0.141779, 764.656726, 0.086941, 1246.968219, 0.058314, 1859.127406
c-55, 32781, 32781, 218115, 0.175789, 635.278713, 0.088877, 1256.513261, 0.067786, 1647.471961
c-56, 35911, 35911, 208405, 0.139680, 763.912921, 0.091808, 1162.244720, 0.059696, 1787.445701
c-57, 37834, 37834, 221515, 0.130323, 870.264726, 0.092922, 1220.552344, 0.055344, 2049.286014
c-58, 37596, 37596, 295076, 0.282611, 534.582176, 0.104925, 1439.878035, 0.072403, 2086.633121
c-59, 41283, 41283, 260909, 0.211098, 632.813491, 0.109706, 1217.671698, 0.080784, 1653.612222
c-60, 43641, 43641, 171109, 0.185917, 471.220490, 0.106349, 823.778054, 0.073725, 1188.308515
c-61, 43619, 43619, 176817, 0.210490, 430.093938, 0.107245, 844.146315, 0.082202, 1101.320460
c-62, 41732, 41732, 300537, 0.286653, 536.799020, 0.111645, 1378.254409, 0.081600, 1885.722388
c-62ghs, 41732, 41732, 300537, 0.286202, 537.645303, 0.111616, 1378.610048, 0.079213, 1942.551442
c-63, 44235, 44235, 239469, 0.225824, 542.936662, 0.112662, 1088.279047, 0.083187, 1473.882160
c-64, 51036, 51036, 384438, 0.193744, 1015.939860, 0.129005, 1525.774665, 0.079744, 2468.301789
c-64b, 51036, 51036, 384438, 0.193782, 1015.738555, 0.129290, 1522.413644, 0.079792, 2466.816959
c-65, 48067, 48067, 204297, 0.242637, 431.097278, 0.118102, 885.672670, 0.083030, 1259.780281
c-66, 49990, 49990, 274498, 0.248570, 565.406919, 0.122051, 1151.508320, 0.085072, 1652.047418
c-66b, 49990, 49990, 274498, 0.242701, 579.079183, 0.122163, 1150.452637, 0.082400, 1705.618639
c-67b, 57976, 57976, 294955, 0.217792, 693.399908, 0.139437, 1083.049484, 0.089875, 1680.296281
c-68, 64811, 64811, 315408, 0.288842, 559.091534, 0.158272, 1020.325085, 0.102170, 1580.596386
c-69, 67459, 67459, 345714, 0.347334, 509.611382, 0.166973, 1060.086216, 0.110723, 1598.631290
c-70, 68925, 68925, 363955, 0.361718, 515.165842, 0.172182, 1082.253207, 0.114490, 1627.614692
c-71, 76639, 76639, 468096, 0.475901, 503.603178, 0.195536, 1225.682970, 0.132170, 1813.315197
c-73, 169423, 169423, 724348, 0.647210, 573.023296, 0.389859, 951.282351, 0.285366, 1299.614062
c-73b, 169423, 169423, 724348, 0.649072, 571.379119, 0.388435, 954.769750, 0.286198, 1295.835945
ca-AstroPh, 18773, 18773, 198110, 0.074077, 1369.285902, 0.064387, 1575.349082, 0.034246, 2961.838909
ca-CondMat, 23134, 23134, 93497, 0.073200, 653.968093, 0.084358, 567.465290, 0.039728, 1204.955273
cage14, 1505786, 1505786, 27130349, 12.256495, 1133.336891, 7.333891, 1894.047529, 5.192310, 2675.252016
caidaRouterLevel, 192245, 192245, 609066, 0.672448, 463.741114, 0.366154, 851.669337, 0.247501, 1259.962758
cant, 62452, 62452, 2034917, 0.417645, 2494.649848, 0.317232, 3284.276304, 0.291709, 3571.635455
case39, 40217, 40217, 526139, 0.138736, 1941.696261, 0.900374, 299.190164, 0.077328, 3483.643175
case9, 14455, 14455, 75801, 0.040662, 954.447180, 0.261379, 148.482025, 0.015395, 2520.922844
c-big, 345242, 345242, 1343126, 1.984934, 346.449990, 0.814746, 844.043218, 0.612221, 1123.255693
cbuckle, 13682, 13682, 345098, 0.079386, 2225.720666, 0.066138, 2671.554096, 0.038605, 4576.896681
ccc, 49153, 49153, 73728, 0.145402, 259.617066, 0.117565, 321.088768, 0.063581, 593.712827
cfd1, 70657, 70657, 949510, 0.358656, 1355.474657, 0.208016, 2337.075719, 0.124435, 3906.845705
Chebyshev4, 68122, 68122, 5377761, 3.725817, 739.009262, 0.996973, 2761.773944, 0.582518, 4726.741154
circuit_4, 80210, 80210, 307604, 0.548442, 287.165029, 0.188166, 836.989201, 0.129629, 1214.955676
circuit5M_dc, 3523318, 3523318, 19194193, 16.006916, 613.948824, 10.275277, 956.414787, 7.461392, 1317.103637
citationCiteseer, 268496, 268496, 1156647, 1.058246, 559.608095, 0.604077, 980.344303, 0.439504, 1347.435426
cit-Patents, 3774769, 3774769, 16518948, 16.905882, 500.281573, 12.229696, 691.570866, 8.951197, 944.868192
ckt11752_dc_1, 49703, 49703, 333029, 0.288640, 590.738806, 0.135501, 1258.375207, 0.084646, 2014.389890
ckt11752_tr_0, 49703, 49703, 333029, 0.288608, 590.804297, 0.135350, 1259.773560, 0.084854, 2009.452046
cnr-2000, 325558, 325558, 3216152, 1.387024, 1187.196327, 0.768928, 2141.513662, 0.689542, 2388.061779
CO, 221120, 221120, 3943588, 1.250880, 1614.157336, 0.708048, 2851.666875, 0.443888, 4548.708393
coAuthorsCiteseer, 227321, 227321, 814134, 0.820342, 508.125125, 0.426579, 977.161143, 0.298922, 1394.467966
coAuthorsDBLP, 299068, 299068, 977676, 1.100576, 454.825567, 0.559869, 894.084651, 0.389891, 1283.871290
cond-mat-2003, 31164, 31164, 120029, 0.095162, 645.794614, 0.071382, 860.924405, 0.040944, 1500.948769
cond-mat-2005, 40422, 40422, 175693, 0.124394, 723.146690, 0.090893, 989.680352, 0.052016, 1729.368130
conf5_4-8x8-05, 49153, 49153, 1916928, 0.309382, 3172.343238, 0.303878, 3229.802208, 0.307062, 3196.311564
conf5_4-8x8-10, 49153, 49153, 1916928, 0.308589, 3180.501577, 0.303046, 3238.669581, 0.307296, 3193.882016
conf5_4-8x8-15, 49153, 49153, 1916928, 0.306941, 3197.578019, 0.302291, 3246.760500, 0.307056, 3196.378325
conf5_4-8x8-20, 49153, 49153, 1916928, 0.308480, 3181.623231, 0.302989, 3239.285293, 0.307738, 3189.298842
conf6_0-8x8-20, 49153, 49153, 1916928, 0.307027, 3196.678164, 0.302320, 3246.451193, 0.307062, 3196.311564
conf6_0-8x8-30, 49153, 49153, 1916928, 0.307888, 3187.740715, 0.302717, 3242.195757, 0.307421, 3192.585307
conf6_0-8x8-80, 49153, 49153, 1916928, 0.306992, 3197.044600, 0.301738, 3252.717439, 0.307062, 3196.311564
consph, 83335, 83335, 3046907, 0.565488, 2758.708180, 0.464723, 3356.872145, 0.464864, 3355.855329
cont-201, 80596, 80596, 239596, 0.268106, 457.555347, 0.158944, 771.801093, 0.098691, 1242.999887
cont-300, 180896, 180896, 539396, 0.659152, 418.978868, 0.350483, 787.971434, 0.247456, 1116.039819
coPapersCiteseer, 434103, 434103, 16036720, 3.851795, 2131.681520, 2.365683, 3470.794707, 2.118992, 3874.861479
coPapersDBLP, 540487, 540487, 15245729, 4.685965, 1665.785661, 2.446903, 3190.079440, 2.222198, 3512.653481
copter1, 17223, 17223, 114143, 0.061219, 954.622380, 0.064131, 911.275880, 0.026637, 2194.002869
CoupCons3D, 416801, 416801, 22322336, 3.569386, 3201.961778, 3.308342, 3454.611036, 3.029882, 3772.106400
crankseg_1, 52805, 52805, 5333507, 0.819654, 3331.594006, 0.766877, 3560.879152, 0.546294, 4998.688562
crankseg_2, 63839, 63839, 7106348, 1.094445, 3324.471019, 1.014771, 3585.488299, 0.713254, 5101.195527
crplat2, 18011, 18011, 489478, 0.107046, 2341.159838, 0.090205, 2778.263887, 0.050746, 4938.610120
crystk02, 13966, 13966, 491274, 0.088979, 2826.866064, 0.087712, 2867.706618, 0.053872, 4669.072664
crystk03, 24697, 24697, 887937, 0.158202, 2873.698790, 0.149315, 3044.725100, 0.116880, 3889.662435
crystm02, 13966, 13966, 168435, 0.055747, 1546.960591, 0.053226, 1620.248881, 0.025062, 3440.960149
crystm03, 24697, 24697, 304233, 0.102672, 1517.135040, 0.089728, 1735.994337, 0.045008, 3460.880143
ct2010, 67579, 67579, 168176, 0.210634, 408.795687, 0.144490, 595.932946, 0.090576, 950.650425
ct20stif, 52330, 52330, 1375396, 0.331190, 2126.277700, 0.226474, 3109.425432, 0.169990, 4142.603150
Cube_Coup_dt0, 2164761, 2164761, 64685452, 21.659485, 1529.073828, 9.606307, 3447.625676, 9.051296, 3659.028560
Cube_Coup_dt6, 2164761, 2164761, 64685452, 21.659872, 1529.046467, 9.525306, 3476.943590, 9.022749, 3670.605601
CurlCurl_0, 11084, 11084, 62213, 0.039984, 796.645063, 0.033718, 944.678718, 0.015050, 2116.538295
CurlCurl_4, 2380516, 2380516, 14448191, 12.148191, 608.936202, 5.017974, 1474.195182, 3.665990, 2017.864994
cvxqp3, 17501, 17501, 69981, 0.052922, 677.044394, 0.051027, 702.179821, 0.020454, 1751.714704
cyl6, 13682, 13682, 363961, 0.087450, 2130.919245, 0.069069, 2698.005876, 0.041226, 4520.201790
darcy003, 389875, 389875, 1167685, 1.462179, 408.879244, 0.952970, 627.359667, 0.667059, 896.254388
dawson5, 51538, 51538, 531157, 0.228192, 1191.770041, 0.150810, 1803.282998, 0.085069, 3196.852315
dblp-2010, 326187, 326187, 807700, 1.147843, 360.277789, 0.547920, 754.749614, 0.418797, 987.453634
dc3, 116836, 116836, 766396, 5.879398, 66.740630, 0.338035, 1160.810323, 0.240886, 1628.961820
de2010, 24116, 24116, 58028, 0.078406, 378.927437, 0.060963, 487.348683, 0.037053, 801.837783
debr, 1048577, 1048577, 2097149, 3.637216, 295.209367, 2.153264, 498.657046, 1.591069, 674.854702
delaunay_n15, 32769, 32769, 98274, 0.099590, 505.232297, 0.076701, 656.007337, 0.043741, 1150.328480
delaunay_n16, 65537, 65537, 196575, 0.212192, 474.317575, 0.150131, 670.389625, 0.090077, 1117.339892
delaunay_n17, 131073, 131073, 393176, 0.471885, 426.600099, 0.260605, 772.457390, 0.187632, 1072.877289
delaunay_n18, 262145, 262145, 786396, 0.994925, 404.688615, 0.499267, 806.451445, 0.365168, 1102.601413
delaunay_n19, 524289, 524289, 1572823, 2.025645, 397.545190, 0.989786, 813.595788, 0.729357, 1104.103453
delaunay_n20, 1048577, 1048577, 3145686, 4.080375, 394.716520, 1.925376, 836.507406, 1.451158, 1109.865884
delaunay_n21, 2097153, 2097153, 6291408, 8.114900, 396.948960, 3.871446, 832.040717, 2.899686, 1110.879046
delaunay_n22, 4194305, 4194305, 12582869, 2836.383057, 2.271354, 2836.383057, 2.271354, 2836.383057, 2.271354
CUDA Error: an illegal memory access was encounteredCUDA Error: an illegal memory access was encounteredCUDA Error: an illegal memory access was encounteredCUDA Error: an illegal memory access was encounteredCUDA Error: an illegal memory access was encounteredCUDA Error: an illegal memory access was encountereddenormal, 89401, 89401, 622812, 0.355744, 896.374191, 0.206010, 1547.887769, 0.140675, 2266.780116
dictionary28, 52653, 52653, 89038, 0.137315, 331.991327, 0.098403, 463.272100, 0.054576, 835.302294
dielFilterV2clx, 607233, 607233, 12958252, 6.566384, 1010.392462, 2.081872, 3186.855420, 1.763562, 3762.060203
dielFilterV2real, 1157457, 1157457, 24848204, 13.428055, 947.440313, 3.999978, 3180.588008, 3.494614, 3640.539114
dielFilterV3clx, 420409, 420409, 16653308, 6.211114, 1372.780157, 2.439152, 3495.679586, 2.496246, 3415.726071
Dubcova1, 16130, 16130, 134569, 0.058042, 1187.067985, 0.049475, 1392.603353, 0.022371, 3079.822667
Dubcova3, 146690, 146690, 1891669, 0.840141, 1152.824033, 0.427235, 2266.981930, 0.294630, 3287.286379
e40r0100, 17282, 17282, 553562, 0.102211, 2772.922544, 0.107907, 2626.550817, 0.069968, 4050.762575
EAT_RS, 23220, 23220, 325592, 0.118979, 1401.111277, 0.084608, 1970.299534, 0.055430, 3007.430992
ecology1, 1000001, 1000001, 2998000, 3.412986, 449.745816, 1.953722, 785.667715, 1.355846, 1132.116436
ecology2, 1000000, 1000000, 2997995, 3.411843, 449.895670, 1.955923, 784.782032, 1.355450, 1132.445988
email-Enron, 36693, 36693, 367654, 0.197510, 953.057917, 0.114701, 1641.129421, 0.078150, 2408.674222
Emilia_923, 923137, 923137, 20964171, 9.475050, 1132.833707, 3.177978, 3377.511434, 2.264432, 4740.109561
engine, 143572, 143572, 2424822, 0.826896, 1501.408719, 0.524560, 2366.762260, 0.384675, 3227.421178
enron, 69245, 69245, 276143, 0.247971, 570.167888, 0.140554, 1005.916678, 0.095437, 1481.453870
eu-2005, 862665, 862665, 19235140, 5.141498, 1915.471481, 3.117600, 3158.965708, 2.759017, 3569.528448
ex11, 16615, 16615, 1096948, 0.146515, 3833.304438, 0.165280, 3398.096492, 0.114941, 4886.318734
ex19, 12006, 12006, 259879, 0.062806, 2118.542902, 0.059718, 2228.091300, 0.030733, 4329.512904
F1, 343792, 343792, 13590452, 4.005744, 1737.083330, 2.176963, 3196.338512, 2.161283, 3219.527968
F2, 71506, 71506, 2682895, 0.556723, 2467.370154, 0.430605, 3190.030085, 0.375827, 3654.983632
Fault_639, 638803, 638803, 14626683, 6.592589, 1135.951584, 2.214659, 3381.496336, 1.550362, 4830.396686
fcondp2, 201823, 201823, 5748069, 1.674941, 1757.083714, 0.839946, 3503.811818, 0.800038, 3678.587436
fem_hifreq_circuit, 491101, 491101, 20239237, 4.198506, 2468.137447, 3.228995, 3209.199432, 3.323085, 3118.334459
filter3D, 106438, 106438, 1406808, 0.609885, 1181.019287, 0.293786, 2451.739316, 0.194154, 3709.875659
finance256, 37377, 37377, 167936, 0.134262, 640.411875, 0.094595, 908.959780, 0.056406, 1524.352344
Flan_1565, 1564795, 1564795, 59485419, 13.533958, 2250.378902, 8.699357, 3501.009912, 8.956109, 3400.643630
flickr, 820879, 820879, 9837214, 4.069254, 1237.733794, 2.774394, 1815.406967, 2.438886, 2065.144757
foldoc, 13357, 13357, 120238, 0.047744, 1289.415551, 0.042208, 1458.535219, 0.022208, 2772.057547
Freescale1, 3428756, 3428756, 18920347, 15.499163, 625.015564, 11.251463, 860.974084, 8.581168, 1128.892623
fullb, 199188, 199188, 5953632, 1.597949, 1907.607749, 0.900717, 3384.259788, 0.829766, 3673.635976
fxm4_6, 18893, 18893, 258368, 0.083882, 1577.037372, 0.070976, 1863.790776, 0.038342, 3450.081665
G2_circuit, 150103, 150103, 438388, 0.534726, 419.756092, 0.326262, 687.957467, 0.216083, 1038.741852
G3_circuit, 1585479, 1585479, 4623152, 5.584163, 423.886929, 3.331533, 710.499959, 2.333267, 1014.480387
Ga10As10H30, 113082, 113082, 3114357, 0.711866, 2239.960392, 0.514045, 3101.968457, 0.308464, 5169.325336
Ga19As19H42, 133124, 133124, 4508981, 0.933322, 2473.529320, 0.705411, 3272.698656, 0.438950, 5259.360272
Ga3As3H12, 61350, 61350, 3016148, 0.499046, 3094.437132, 0.432384, 3571.519125, 0.284960, 5419.243874
Ga41As41H72, 268097, 268097, 9378286, 1.992624, 2409.728183, 1.438195, 3338.686109, 0.923334, 5200.372034
GaAsH6, 61350, 61350, 1721579, 0.402058, 2192.343704, 0.282221, 3123.258352, 0.174384, 5054.640670
gas_sensor, 66918, 66918, 885141, 0.336570, 1346.503660, 0.197610, 2293.371295, 0.119091, 3805.421298
Ge87H76, 112986, 112986, 4002590, 0.834950, 2454.428388, 0.631622, 3244.543018, 0.410656, 4990.371418
Ge99H100, 112986, 112986, 4282190, 0.866173, 2531.228531, 0.666349, 3290.290774, 0.438931, 4995.045658
gearbox, 153747, 153747, 4617075, 1.135402, 2082.031888, 0.685651, 3447.733156, 0.611651, 3864.853807
Geo_1438, 1437961, 1437961, 32297325, 15.111631, 1094.271661, 5.081971, 3253.900747, 3.431721, 4818.639979
gridgena, 48963, 48963, 280523, 0.178957, 802.583530, 0.121862, 1178.606170, 0.070989, 2023.245635
gsm_106857, 589447, 589447, 11174185, 5.646138, 1013.291405, 4.272928, 1338.937354, 3.449923, 1658.350688
gupta1, 31803, 31803, 1098006, 0.184752, 3042.884915, 0.151926, 3700.338311, 0.130733, 4300.214469
gupta2, 62065, 62065, 2155175, 0.395517, 2789.893116, 0.278250, 3965.682645, 0.278394, 3963.631314
gupta3, 16784, 16784, 4670105, 1.078394, 2217.273786, 0.692147, 3454.602915, 0.602752, 3966.961020
gyro, 17362, 17362, 519260, 0.109677, 2424.041500, 0.094688, 2807.759429, 0.057939, 4588.622430
gyro_k, 17362, 17362, 519260, 0.108669, 2446.526600, 0.094144, 2823.983726, 0.056163, 4733.724763
gyro_m, 17362, 17362, 178896, 0.069158, 1324.419784, 0.058579, 1563.605362, 0.028848, 3175.081381
H2O, 67025, 67025, 1141880, 0.350182, 1669.537294, 0.228048, 2563.682135, 0.135875, 4302.790757
halfb, 224618, 224618, 6306219, 1.803891, 1789.899613, 0.948016, 3405.833034, 0.836413, 3860.275793
Hamrle3, 1447361, 1447361, 5514242, 5.734519, 492.332868, 3.492205, 808.455453, 2.679558, 1053.640754
hangGlider_4, 15562, 15562, 79088, 0.206304, 196.278577, 0.039754, 1018.600958, 0.036749, 1101.887854
hangGlider_5, 16012, 16012, 82070, 0.215389, 195.088325, 0.041139, 1021.406339, 0.037530, 1119.645303
helm2d03, 392258, 392258, 1567096, 1.656864, 484.260123, 0.821827, 976.303938, 0.612125, 1310.767318
helm3d01, 32227, 32227, 230335, 0.118570, 994.618515, 0.089984, 1310.583219, 0.049018, 2405.901592
hi2010, 25017, 25017, 62063, 0.072410, 438.840375, 0.068358, 464.847878, 0.045219, 702.716001
hollywood-2009, 1139906, 1139906, 57515616, 17.731014, 1660.818366, 9.709667, 3032.853214, 8.739213, 3369.639356
hood, 220543, 220543, 5494489, 1.669117, 1685.429322, 0.843162, 3336.464119, 0.828371, 3396.035783
Hook_1498, 1498024, 1498024, 31207734, 16.594532, 962.869006, 4.914419, 3251.322128, 3.665702, 4358.880754
HTC_336_4438, 226341, 226341, 565431, 0.840467, 344.452090, 0.517341, 559.593734, 0.385245, 751.471981
HTC_336_9129, 226341, 226341, 554881, 0.842275, 337.299566, 0.517434, 549.054167, 0.386349, 735.343490
human_gene1, 22284, 22284, 12345963, 1.527485, 4138.262497, 1.709469, 3697.717620, 1.458230, 4334.797201
human_gene2, 14341, 14341, 9041364, 1.073750, 4311.223880, 1.224973, 3779.004964, 1.004634, 4607.827459
ibm_matrix_2, 51449, 51449, 1056610, 0.453578, 1192.705071, 0.198675, 2722.958431, 0.107210, 5046.043684
igbt3, 10939, 10939, 234006, 0.058458, 2049.537952, 0.054589, 2194.792165, 0.030522, 3925.451692
in-2004, 1382909, 1382909, 16917053, 6.395255, 1354.368480, 3.178480, 2725.054508, 2.820240, 3071.203540
inlet, 11731, 11731, 328323, 0.068045, 2470.451483, 0.066259, 2537.026972, 0.037219, 4516.523141
inline_1, 503713, 503713, 18660027, 6.647449, 1437.233007, 2.732902, 3495.892882, 2.625306, 3639.170228
jan99jac120sc, 41375, 41375, 260202, 0.146118, 911.749798, 0.108522, 1227.621215, 0.062797, 2121.500159
juba40k, 40338, 40338, 144945, 0.131280, 565.294311, 0.095603, 776.248512, 0.058506, 1268.457022
k3plates, 11108, 11108, 378927, 0.067466, 2875.697118, 0.070678, 2744.977550, 0.042858, 4526.866352
kim1, 38416, 38416, 933195, 0.221862, 2153.568226, 0.181158, 2637.447897, 0.093517, 5109.197767
kkt_power, 2063495, 2063495, 8130343, 8.670192, 480.120352, 4.716147, 882.655993, 3.455046, 1204.827680
kron_g500-logn16, 65537, 65537, 2456398, 0.854198, 1472.346277, 0.385376, 3263.503110, 0.359424, 3499.142499
kron_g500-logn17, 131073, 131073, 5114375, 2.112003, 1239.846644, 0.812477, 3222.935002, 0.766413, 3416.644476
kron_g500-logn18, 262145, 262145, 10583222, 3.231242, 1676.943516, 1.713526, 3162.256409, 1.630327, 3323.634739
kron_g500-logn19, 524289, 524289, 21781478, 6.961370, 1602.000442, 3.846736, 2899.111433, 3.583811, 3111.803650
kron_g500-logn20, 1048577, 1048577, 44620272, 11.910028, 1918.180012, 9.463674, 2414.028707, 7.905225, 2889.933960
laminar_duct3D, 67174, 67174, 3833077, 0.555200, 3534.826023, 0.620230, 3164.203915, 0.414000, 4740.423882
language, 399131, 399131, 1216334, 1.818237, 342.509310, 0.954806, 652.240070, 0.688266, 904.829472
largebasis, 440021, 440021, 5560100, 2.304615, 1235.248352, 1.527315, 1863.905456, 1.143635, 2489.230181
ldoor, 952204, 952204, 23737339, 10.998711, 1104.994756, 3.564320, 3409.771736, 3.691110, 3292.645522
lhr34, 35153, 35153, 764014, 0.178678, 2189.269416, 0.150970, 2591.085664, 0.101475, 3854.884310
lhr34c, 35153, 35153, 764014, 0.179002, 2185.316533, 0.151130, 2588.342451, 0.101808, 3842.283214
lhr71, 70305, 70305, 1528092, 0.402227, 1945.127238, 0.279178, 2802.456645, 0.220272, 3551.895520
lhr71c, 70305, 70305, 1528092, 0.402003, 1946.211169, 0.278118, 2813.129645, 0.220566, 3547.154655
li, 22696, 22696, 1350309, 0.214534, 3222.598343, 0.214835, 3218.086411, 0.166842, 4143.799858
Long_Coup_dt0, 1470153, 1470153, 44279572, 19.107372, 1186.512704, 6.521568, 3476.332659, 6.207693, 3652.104235
Long_Coup_dt6, 1470153, 1470153, 44279572, 19.102711, 1186.802339, 6.568244, 3451.629219, 6.210967, 3650.179226
lowThrust_10, 18261, 18261, 116074, 0.056797, 1046.359775, 0.046326, 1282.851451, 0.021354, 2783.132099
lowThrust_11, 18369, 18369, 117002, 0.059005, 1015.256767, 0.050528, 1185.580705, 0.023578, 2540.759966
lowThrust_12, 18459, 18459, 117423, 0.057776, 1040.580483, 0.053213, 1129.814230, 0.024163, 2488.104891
lowThrust_13, 18477, 18477, 117580, 0.058019, 1037.604051, 0.054365, 1107.351807, 0.024710, 2436.259997
lowThrust_4, 13563, 13563, 84240, 0.044538, 968.414983, 0.040288, 1070.563905, 0.017555, 2456.872099
lowThrust_5, 16263, 16263, 103701, 0.052051, 1020.051671, 0.047798, 1110.809374, 0.022170, 2394.942217
lowThrust_6, 16929, 16929, 108376, 0.052291, 1061.144309, 0.050634, 1095.883265, 0.023094, 2402.682631
lowThrust_7, 17379, 17379, 110607, 0.054858, 1032.323402, 0.050880, 1113.026350, 0.023357, 2424.595173
lowThrust_8, 17703, 17703, 113139, 0.056586, 1023.708683, 0.052125, 1111.316876, 0.023411, 2474.335761
lowThrust_9, 18045, 18045, 114806, 0.058694, 1001.469878, 0.058733, 1000.815053, 0.025910, 2268.612949
lp1, 534389, 534389, 1088904, 1.860781, 299.615556, 0.976614, 570.868973, 0.726570, 767.330266
luxembourg_osm, 114600, 114600, 119666, 0.381690, 160.520466, 0.218448, 280.474041, 0.152778, 401.033868
m14b, 214766, 214766, 1679018, 1.063674, 808.196446, 0.605968, 1418.651180, 0.372870, 2305.512107
mario001, 38435, 38435, 114643, 0.113053, 519.201801, 0.086512, 678.486411, 0.045325, 1295.035317
mario002, 389875, 389875, 1167685, 1.461389, 409.100390, 0.956752, 624.879500, 0.666518, 896.981566
mark3jac040sc, 18290, 18290, 113435, 0.063664, 912.269397, 0.053050, 1094.800335, 0.027494, 2112.383556
mark3jac060sc, 27450, 27450, 170695, 0.099024, 882.572325, 0.076646, 1140.247168, 0.043104, 2027.557587
me2010, 69519, 69519, 167738, 0.213654, 401.966243, 0.144598, 593.933651, 0.089946, 954.819954
memplus, 17759, 17759, 126150, 0.076803, 840.964944, 0.050835, 1270.552734, 0.035427, 1823.141500
mip1, 66464, 66464, 5209641, 0.746531, 3572.973495, 0.655798, 4067.311300, 0.530701, 5026.064211
ML_Laplace, 377003, 377003, 27689972, 3.161629, 4484.165253, 3.723690, 3807.316665, 3.298793, 4297.712496
mouse_gene, 45102, 45102, 14506196, 1.966295, 3777.243149, 2.088163, 3556.796904, 1.897866, 3913.434150
msc10848, 10849, 10849, 620313, 0.098154, 3235.747495, 0.105078, 3022.507561, 0.063629, 4991.454536
msc23052, 23053, 23053, 588933, 0.137050, 2200.179266, 0.111302, 2709.139219, 0.074630, 4040.360307
msdoor, 415864, 415864, 10328399, 4.009699, 1318.837139, 1.572211, 3363.505099, 1.541885, 3429.659774
m_t1, 97579, 97579, 4925574, 0.947130, 2662.670246, 0.706493, 3569.595994, 0.645904, 3904.440635
mult_dcop_01, 25188, 25188, 193276, 1.000061, 98.951291, 0.084880, 1165.849571, 0.057373, 1724.812240
mult_dcop_02, 25188, 25188, 193276, 0.998160, 99.139731, 0.086182, 1148.231132, 0.057722, 1714.389535
mult_dcop_03, 25188, 25188, 193216, 0.996682, 99.255964, 0.085686, 1154.519210, 0.058736, 1684.258170
NACA0015, 1039184, 1039184, 3114818, 4.156966, 383.641979, 2.649213, 601.985161, 1.958371, 814.343495
nasasrb, 54871, 54871, 1366097, 0.358006, 1953.712706, 0.227594, 3073.204599, 0.149110, 4690.763762
nd12k, 36001, 36001, 7128473, 1.025274, 3559.808956, 1.015981, 3592.369185, 0.639568, 5706.630419
nd24k, 72001, 72001, 14393817, 2.152791, 3423.293847, 2.053635, 3588.580020, 1.315130, 5603.732509
nd6k, 18001, 18001, 3457658, 0.457286, 3871.361305, 0.489168, 3619.044953, 0.306019, 5784.999220
net100, 29921, 29921, 1031560, 0.168221, 3139.675582, 0.182426, 2895.200764, 0.135933, 3885.439774
net125, 36721, 36721, 1306960, 0.222042, 3013.685270, 0.220582, 3033.621680, 0.175248, 3818.380287
net150, 43521, 43521, 1582360, 0.273434, 2962.943654, 0.258234, 3137.346713, 0.214195, 3782.383105
net4-1, 88344, 88344, 1265035, 0.464416, 1394.650375, 0.300304, 2156.807448, 0.257056, 2519.676356
net50, 16321, 16321, 480760, 0.084992, 2896.144664, 0.099805, 2466.305410, 0.055206, 4458.706224
net75, 23121, 23121, 756160, 0.134995, 2867.908822, 0.142067, 2725.146296, 0.094282, 4106.357043
netherlands_osm, 2216689, 2216689, 2441238, 7.497226, 166.716845, 3.673219, 340.277493, 2.739555, 456.247011
nh2010, 48838, 48838, 117275, 0.144058, 416.811066, 0.102458, 586.045379, 0.063574, 944.480833
NLR, 4163764, 4163764, 12487976, 16.710163, 382.632017, 10.824592, 590.677581, 8.299913, 770.350618
NotreDame_www, 325730, 325730, 929849, 1.019888, 466.798981, 0.866723, 549.290376, 0.383030, 1242.937113
nv2010, 84539, 84539, 208499, 0.273693, 390.041275, 0.171958, 620.798337, 0.114723, 930.513469
ohne2, 181344, 181344, 11063545, 1.797293, 3151.704233, 1.680125, 3371.496483, 1.570947, 3605.808742
oilpan, 73753, 73753, 1835470, 0.503501, 1866.453139, 0.287107, 3273.204651, 0.254666, 3690.175192
olafu, 16147, 16147, 515651, 0.103283, 2556.207643, 0.091786, 2876.413275, 0.061120, 4319.589705
onetone2, 36058, 36058, 227628, 0.129398, 900.672118, 0.097053, 1200.846706, 0.057750, 2018.090614
OPF_10000, 43888, 43888, 255799, 0.155926, 839.941746, 0.115760, 1131.384614, 0.068582, 1909.660385
opt1, 15450, 15450, 973052, 0.164995, 3019.497583, 0.149728, 3327.384480, 0.103373, 4819.474971
p2p-Gnutella31, 62587, 62587, 147892, 0.194086, 390.139161, 0.119430, 634.015332, 0.085430, 886.343768
parabolic_fem, 525826, 525826, 2100225, 2.292598, 469.037764, 1.522934, 706.081085, 1.129104, 952.361483
patents, 3774769, 3774769, 14970767, 16.509182, 464.289089, 11.493123, 666.923411, 8.398902, 912.623172
pattern1, 19243, 19243, 4671337, 0.625190, 3825.593835, 0.657936, 3635.193303, 0.461805, 5179.080956
pcrystk02, 13966, 13966, 491274, 0.087658, 2869.486344, 0.087789, 2865.197852, 0.053709, 4683.260449
pcrystk03, 24697, 24697, 887937, 0.157104, 2893.775678, 0.149114, 3048.841673, 0.116518, 3901.733424
pct20stif, 52330, 52330, 1375396, 0.329155, 2139.424617, 0.225312, 3125.456119, 0.169190, 4162.191078
pdb1HYS, 36418, 36418, 2190591, 0.395229, 2837.805891, 0.320816, 3496.030805, 0.258349, 4341.350134
pds10, 16559, 16559, 83108, 0.057434, 740.878102, 0.049338, 862.451703, 0.024182, 1759.597716
PFlow_742, 742794, 742794, 18940627, 5.649584, 1716.516002, 2.711082, 3577.023047, 2.674035, 3626.579334
pkustk01, 22045, 22045, 500712, 0.116730, 2196.225572, 0.102294, 2506.144526, 0.061776, 4149.905188
pkustk02, 10801, 10801, 410400, 0.073002, 2878.358858, 0.074518, 2819.770671, 0.040736, 5158.209114
pkustk03, 63337, 63337, 1596876, 0.390374, 2094.400954, 0.263254, 3105.742960, 0.224883, 3635.667389
pkustk04, 55591, 55591, 2137125, 0.576486, 1898.063868, 0.335315, 3263.222150, 0.267149, 4095.874587
pkustk05, 37165, 37165, 1121154, 0.252842, 2270.318122, 0.191750, 2993.635800, 0.132122, 4344.716182
pkustk06, 43165, 43165, 1307466, 0.297296, 2251.704002, 0.219613, 3048.194937, 0.158160, 4232.565837
pkustk07, 16861, 16861, 1217832, 0.186861, 3336.868860, 0.194694, 3202.608727, 0.125382, 4973.026407
pkustk08, 22210, 22210, 1624440, 0.262067, 3173.664175, 0.245914, 3382.136152, 0.167194, 4974.552031
pkustk09, 33961, 33961, 808800, 0.198042, 2091.003040, 0.146666, 2823.467866, 0.103792, 3989.764151
pkustk10, 80677, 80677, 2194830, 0.526016, 2136.347500, 0.346307, 3244.959793, 0.317034, 3544.586306
pkustk11, 87805, 87805, 2652858, 0.607008, 2237.636637, 0.423014, 3210.915015, 0.351222, 3867.245688
pkustk12, 94654, 94654, 3803485, 0.873462, 2229.499908, 0.587475, 3314.836618, 0.486906, 3999.510850
pkustk13, 94894, 94894, 3355860, 0.749581, 2292.214917, 0.526246, 3265.011038, 0.451725, 3803.643859
pkustk14, 151927, 151927, 7494215, 1.443808, 2657.581981, 1.081472, 3547.977225, 0.931280, 4120.176437
pli, 22696, 22696, 686502, 0.146339, 2401.878781, 0.122934, 2859.159202, 0.082125, 4279.937682
PR02R, 161071, 161071, 8185136, 1.227478, 3414.145293, 1.167290, 3590.188325, 1.139834, 3676.667788
Pres_Poisson, 14823, 14823, 365313, 0.084781, 2206.162896, 0.071962, 2599.167571, 0.041053, 4556.090062
pwtk, 217919, 217919, 5926171, 1.829862, 1658.157217, 0.860330, 3526.787237, 0.653114, 4645.745450
qa8fk, 66128, 66128, 863353, 0.316624, 1396.093598, 0.193517, 2284.229223, 0.116224, 3803.317088
qa8fm, 66128, 66128, 863353, 0.310211, 1424.954122, 0.193952, 2279.103777, 0.113325, 3900.617933
raefsky3, 21201, 21201, 1488768, 0.156435, 4872.619453, 0.231226, 3296.560518, 0.151478, 5032.065475
raefsky4, 19780, 19780, 674195, 0.124848, 2764.864879, 0.118992, 2900.933297, 0.081178, 4252.254902
rajat15, 37262, 37262, 443573, 0.246397, 921.722086, 0.123766, 1834.984122, 0.078694, 2885.966270
rajat22, 39900, 39900, 197264, 0.257146, 392.770359, 0.104010, 971.056169, 0.074698, 1352.107237
rajat26, 51033, 51033, 249302, 0.299184, 426.635879, 0.128752, 991.383582, 0.086355, 1478.111657
ramage02, 16831, 16831, 1441591, 0.230950, 3195.900859, 0.223501, 3302.424831, 0.175408, 4207.872890
Reuters911, 13333, 13333, 148038, 0.109517, 692.089765, 0.065891, 1150.312267, 0.038029, 1993.106673
rgg_n_2_15_s0, 32769, 32769, 160240, 0.113261, 724.371327, 0.086323, 950.415166, 0.047779, 1717.125462
rgg_n_2_22_s0, 4194305, 4194305, 30359198, 0.000000, 224673304981533057607965174793005694976.000000, 0.000000, 224673304981533057607965174793005694976.000000, 0.000000, 224673304981533057607965174793005694976.000000
CUDA Error: an illegal memory access was encounteredCUDA Error: an illegal memory access was encounteredCUDA Error: an illegal memory access was encounteredCUDA Error: an illegal memory access was encounteredCUDA Error: an illegal memory access was encounteredCUDA Error: an illegal memory access was encounteredri2010, 25182, 25182, 62875, 0.076720, 419.603758, 0.060090, 535.733304, 0.034621, 929.845625
rim, 22561, 22561, 1014951, 0.172064, 3020.125819, 0.161219, 3223.281723, 0.131427, 3953.937189
RM07R, 381690, 381690, 37464962, 4.578611, 4189.493053, 5.590870, 3430.961472, 3.970115, 4831.612986
rma10, 46836, 46836, 2374001, 0.362784, 3350.446817, 0.351398, 3459.004151, 0.285254, 4261.068304
roadNet-CA, 1971282, 1971282, 5533206, 7.235664, 391.533013, 3.899530, 726.498252, 2.670163, 1060.984407
roadNet-PA, 1090921, 1090921, 3083788, 4.008077, 393.929436, 2.156729, 732.080426, 1.481549, 1065.708717
roadNet-TX, 1393384, 1393384, 3843312, 5.082925, 387.134549, 2.727667, 721.413418, 1.880170, 1046.594766
s3dkq4m2, 90450, 90450, 2455670, 0.713942, 1761.070735, 0.366694, 3428.748928, 0.266925, 4710.326620
s3dkt3m2, 90450, 90450, 1921955, 0.625050, 1574.340619, 0.306470, 3210.884245, 0.185462, 5305.878402
s4dkt3m2, 90450, 90450, 1921955, 0.625965, 1572.038850, 0.305754, 3218.411808, 0.185395, 5307.801568
Serena, 1391350, 1391350, 32961525, 17.109529, 986.368514, 5.207571, 3240.724073, 4.443293, 3798.152013
shermanACb, 18511, 18511, 145149, 0.446864, 166.306282, 0.059171, 1255.953711, 0.047328, 1570.239309
ship_001, 34921, 34921, 2339575, 0.403862, 2966.016288, 0.342784, 3494.510835, 0.264778, 4524.032435
ship_003, 121729, 121729, 4103881, 0.897130, 2342.122029, 0.608717, 3451.830140, 0.550502, 3816.853639
shipsec1, 140875, 140875, 3977139, 1.123184, 1812.966659, 0.602701, 3378.616967, 0.496272, 4103.183742
shipsec5, 179861, 179861, 5146478, 1.513683, 1740.784792, 0.763917, 3449.324337, 0.624384, 4220.154014
shipsec8, 114920, 114920, 3384159, 0.851286, 2035.377735, 0.512390, 3381.580394, 0.429539, 4033.832985
Si10H16, 17078, 17078, 446500, 0.092486, 2471.801275, 0.089478, 2554.896005, 0.044880, 5093.761168
Si34H36, 97570, 97570, 2626974, 0.610374, 2203.583049, 0.445139, 3021.550642, 0.269226, 4995.849953
Si41Ge41H72, 185640, 185640, 7598452, 1.455866, 2672.229836, 1.148746, 3386.656989, 0.723693, 5375.771918
Si5H12, 19897, 19897, 379247, 0.103987, 1867.291884, 0.086186, 2252.980401, 0.050691, 3830.536004
Si87H76, 240370, 240370, 5451000, 1.485514, 1878.752248, 0.915072, 3049.937173, 0.577808, 4830.171971
sinc15, 11533, 11533, 568526, 0.083478, 3486.953775, 0.103197, 2820.681578, 0.065149, 4468.007228
SiO, 33402, 33402, 675528, 0.174566, 1981.311042, 0.137222, 2520.509354, 0.073594, 4699.733979
SiO2, 155332, 155332, 5719417, 1.128819, 2594.163491, 0.867971, 3373.777153, 0.531219, 5512.491876
skirt, 12599, 12599, 104559, 0.045082, 1187.495727, 0.041744, 1282.440791, 0.018688, 2864.630024
smallworld, 100001, 100001, 499998, 0.404115, 633.480196, 0.240435, 1064.731709, 0.154093, 1661.329893
sme3Dc, 42931, 42931, 3148656, 0.507085, 3179.176098, 0.529859, 3042.528741, 0.465818, 3460.822199
smt, 25711, 25711, 1889447, 0.317130, 3050.478102, 0.275398, 3512.717841, 0.206067, 4694.569747
soc-sign-Slashdot090221, 82145, 82145, 549202, 0.290566, 967.735523, 0.184304, 1525.693559, 0.148586, 1892.454002
sparsine, 50001, 50001, 799494, 0.262957, 1556.685024, 0.189661, 2158.279039, 0.137261, 2982.213013
srb1, 54925, 54925, 1508538, 0.353907, 2182.412361, 0.241702, 3195.547454, 0.174746, 4419.976675
Stanford, 281904, 281904, 2312497, 3.003072, 394.262433, 1.171437, 1010.723308, 0.760714, 1556.431355
std1_Jac2, 21983, 21983, 1248731, 0.187818, 3404.102070, 0.194675, 3284.189705, 0.164982, 3875.263440
std1_Jac3, 21983, 21983, 1455848, 0.206394, 3611.517885, 0.220032, 3387.662586, 0.192317, 3875.866267
stokes128, 49667, 49667, 295938, 0.172563, 878.056620, 0.124102, 1220.929280, 0.065286, 2320.854892
stokes64, 12547, 12547, 74242, 0.039459, 963.321741, 0.037811, 1005.308088, 0.015274, 2488.732563
struct3, 53571, 53571, 613632, 0.232496, 1351.333291, 0.149786, 2097.528598, 0.089238, 3520.677047
t2dah, 11446, 11446, 93781, 0.039856, 1204.733879, 0.037203, 1290.638271, 0.016314, 2943.303159
t2dah_a, 11446, 11446, 93781, 0.038493, 1247.398825, 0.036109, 1329.755378, 0.016090, 2984.279972
t2dah_e, 11446, 11446, 93781, 0.039526, 1214.779794, 0.037430, 1282.804150, 0.016026, 2996.198113
t3dh, 79172, 79172, 2215638, 0.590941, 1919.662068, 0.669549, 1694.285256, 0.297856, 3808.574167
t3dh_a, 79172, 79172, 2215638, 0.598746, 1894.638867, 0.436064, 2601.468232, 0.302102, 3755.040212
t3dh_e, 79172, 79172, 2215638, 0.588982, 1926.045112, 0.348438, 3255.687767, 0.297642, 3811.317416
t3dl, 20361, 20361, 265113, 0.090102, 1506.484382, 0.076016, 1785.648427, 0.037542, 3615.588158
t3dl_a, 20361, 20361, 265113, 0.090730, 1496.070254, 0.075229, 1804.333698, 0.037331, 3636.043237
tandem_vtx, 18455, 18455, 135902, 0.069258, 1004.681434, 0.060720, 1145.945668, 0.030102, 2311.504276
ted_A, 10606, 10606, 424587, 0.083619, 2599.744328, 0.078726, 2761.317003, 0.047600, 4566.986113
ted_AB, 10606, 10606, 522387, 0.074410, 3594.457581, 0.097798, 2734.831459, 0.052518, 5092.732383
ted_AB_unscaled, 10606, 10606, 522387, 0.074800, 3575.696989, 0.104128, 2568.589966, 0.052461, 5098.323621
ted_A_unscaled, 10606, 10606, 424587, 0.067101, 3239.731076, 0.078230, 2778.824435, 0.045715, 4755.279201
ted_B_unscaled, 10606, 10606, 77592, 0.039126, 1015.352929, 0.037075, 1071.527686, 0.015846, 2507.011314
thread, 29737, 29737, 2249892, 0.372384, 3093.432329, 0.327018, 3522.577156, 0.234579, 4910.685504
tmt_sym, 726714, 726714, 2903837, 2.849101, 521.836400, 1.448614, 1026.335605, 1.006029, 1477.854790
torso1, 116159, 116159, 8516500, 1.149555, 3793.161021, 1.245085, 3502.129438, 0.752902, 5791.518168
transient, 178867, 178867, 961790, 3.310582, 148.746180, 0.523616, 940.453498, 0.389632, 1263.850163
trdheim, 22099, 22099, 978711, 0.184243, 2719.774874, 0.154608, 3241.100294, 0.109504, 4576.088989
Trefethen_20000, 20001, 20001, 287233, 0.084704, 1736.202498, 0.078592, 1871.224699, 0.041542, 3540.077121
Trefethen_20000b, 20000, 20000, 287217, 0.086067, 1708.607977, 0.078525, 1872.721834, 0.041642, 3531.447104
troll, 213454, 213454, 6099282, 1.802128, 1732.858229, 0.888355, 3515.297176, 0.736205, 4241.798370
TSOPF_FS_b162_c1, 10799, 10799, 305732, 0.052198, 2998.842678, 0.244874, 639.247298, 0.031104, 5032.625287
TSOPF_FS_b162_c3, 30799, 30799, 904612, 0.145715, 3178.538280, 0.618992, 748.250943, 0.095686, 4840.409340
TSOPF_FS_b162_c4, 40799, 40799, 1204322, 0.199184, 3095.694747, 0.813062, 758.383216, 0.134032, 4600.489943
TSOPF_FS_b300, 29215, 29215, 2203949, 0.244019, 4624.316018, 0.670390, 1683.230939, 0.182109, 6196.416181
TSOPF_FS_b300_c1, 29215, 29215, 2203949, 0.241216, 4678.055873, 0.669747, 1684.847465, 0.182282, 6190.541882
TSOPF_FS_b300_c2, 56815, 56815, 4391071, 0.502547, 4473.665913, 1.330656, 1689.563964, 0.387264, 5805.415461
TSOPF_FS_b300_c3, 84415, 84415, 6578753, 0.747462, 4506.342346, 1.975373, 1705.157319, 0.591270, 5696.753196
TSOPF_FS_b39_c19, 76217, 76217, 998359, 0.289840, 1763.593003, 1.466090, 348.655224, 0.162157, 3152.256453
TSOPF_FS_b39_c30, 120217, 120217, 1575639, 0.468851, 1720.646538, 0.320986, 2513.281467, 0.266387, 3028.400640
TSOPF_FS_b39_c7, 28217, 28217, 368599, 0.094592, 1995.123159, 0.549942, 343.168100, 0.050944, 3704.512528
TSOPF_FS_b9_c6, 14455, 14455, 75801, 0.041216, 941.627308, 0.262176, 148.030764, 0.015456, 2511.006216
TSOPF_RS_b162_c3, 15375, 15375, 610299, 0.089258, 3500.800999, 0.107514, 2906.358857, 0.062237, 5020.712810
TSOPF_RS_b162_c4, 20375, 20375, 812749, 0.120627, 3449.698625, 0.130202, 3196.024332, 0.086413, 4815.576987
TSOPF_RS_b2052_c1, 25627, 25627, 6761100, 0.595862, 5809.534661, 0.776528, 4457.898881, 0.722250, 4792.918105
TSOPF_RS_b2383, 38121, 38121, 16171169, 1.331862, 6216.587248, 1.864534, 4440.593118, 1.236742, 6694.715505
TSOPF_RS_b2383_c1, 38121, 38121, 16171169, 1.341411, 6172.334383, 1.869434, 4428.955677, 1.238240, 6686.618768
TSOPF_RS_b300_c1, 14539, 14539, 1474325, 0.148390, 5086.949007, 0.192672, 3917.820913, 0.115770, 6520.316165
TSOPF_RS_b300_c2, 28339, 28339, 2943887, 0.335517, 4492.383383, 0.371939, 4052.463734, 0.242189, 6223.533349
TSOPF_RS_b300_c3, 42139, 42139, 4413449, 0.480496, 4702.819575, 0.563011, 4013.571700, 0.374781, 6029.353426
TSOPF_RS_b39_c19, 38099, 38099, 684206, 0.152630, 2295.174949, 0.143693, 2437.933312, 0.115715, 3027.376307
TSOPF_RS_b39_c30, 60099, 60099, 1079986, 0.265424, 2083.281294, 0.240368, 2300.442705, 0.187584, 2947.761254
TSOPF_RS_b39_c7, 14099, 14099, 252446, 0.055360, 2334.760638, 0.058128, 2223.581640, 0.032704, 3952.188026
TSOPF_RS_b678_c1, 18697, 18697, 4396289, 0.387968, 5801.767196, 0.503699, 4468.738357, 0.330304, 6814.631216
TSOPF_RS_b678_c2, 35697, 35697, 8781949, 0.740531, 6071.800690, 1.005773, 4470.550378, 0.625219, 7191.650342
tsyl201, 20686, 20686, 1237821, 0.208211, 3043.853210, 0.195114, 3248.181338, 0.124253, 5100.604345
tube1, 21499, 21499, 459277, 0.118397, 1986.116469, 0.091110, 2580.932780, 0.049619, 4739.089306
tube2, 21499, 21499, 459277, 0.119670, 1964.978960, 0.090496, 2598.455513, 0.050813, 4627.767607
turon_m, 189925, 189925, 912345, 0.757616, 616.566497, 0.437626, 1067.397888, 0.310317, 1505.302447
usroads, 129165, 129165, 165435, 0.433450, 195.415383, 0.254096, 333.349276, 0.174157, 486.358968
usroads-48, 126147, 126147, 161950, 0.419443, 197.686848, 0.248944, 333.080537, 0.168320, 492.623574
vanbody, 47073, 47073, 1191985, 0.296637, 2057.385760, 0.200227, 3048.019217, 0.139830, 4364.546810
venturiLevel3, 4026820, 4026820, 8054237, 14.477020, 284.849318, 7.846330, 525.566680, 5.560310, 741.643735
vibrobox, 12329, 12329, 177578, 0.053821, 1689.308496, 0.049997, 1818.515133, 0.026429, 3440.183935
viscorocks, 37763, 37763, 1162244, 0.228250, 2607.097381, 0.188086, 3163.806210, 0.131379, 4529.399878
vsp_barth5_1Ksep_50in_5Kout, 32213, 32213, 101805, 0.098986, 526.583258, 0.085584, 609.040923, 0.042234, 1234.186963
vsp_bcsstk30_500sep_10in_1Kout, 58349, 58349, 2016578, 0.441091, 2340.758390, 0.368166, 2804.405668, 0.327302, 3154.538158
vsp_befref_fxm_2_4_air02, 14110, 14110, 98224, 0.043766, 1149.070697, 0.054643, 920.346655, 0.019334, 2601.099014
vsp_bump2_e18_aa01_model1_crew1, 56439, 56439, 300801, 0.177811, 866.144019, 0.116595, 1320.895854, 0.069542, 2214.621691
vsp_c-30_data_data, 11024, 11024, 62184, 0.034461, 923.896345, 0.032957, 966.058845, 0.012976, 2453.622742
vsp_c-60_data_cti_cs4, 85831, 85831, 241080, 0.294054, 419.762345, 0.162221, 760.894781, 0.091014, 1356.191590
vsp_finan512_scagr7-2c_rlfddd, 139753, 139753, 552020, 0.497811, 567.753854, 0.258480, 1093.447228, 0.180275, 1567.793225
vsp_mod2_pgp2_slptsk, 101365, 101365, 389368, 0.333450, 597.860710, 0.194086, 1027.152956, 0.121555, 1640.048476
vsp_model1_crew1_cr42_south31, 45102, 45102, 189976, 0.131085, 742.021288, 0.091418, 1063.993294, 0.053334, 1823.733225
vsp_msc10848_300sep_100in_1Kout, 21997, 21997, 1221028, 0.210349, 2972.046170, 0.217254, 2877.577325, 0.179203, 3488.589126
vsp_p0291_seymourl_iiasa, 10499, 10499, 53868, 0.038518, 716.032253, 0.036579, 753.991764, 0.015677, 1759.314211
vsp_sctap1-2b_and_seymourl, 40175, 40175, 140831, 0.117706, 612.591710, 0.102272, 705.036310, 0.048669, 1481.554379
vsp_south31_slptsk, 39669, 39669, 189914, 0.121747, 798.671110, 0.093549, 1039.414397, 0.049699, 1956.489633
vsp_vibrobox_scagr7-2c_rlfddd, 77329, 77329, 435586, 0.237811, 937.802865, 0.145363, 1534.226217, 0.086618, 2574.765748
vt2010, 32581, 32581, 77799, 0.100173, 397.643729, 0.086608, 459.923894, 0.047466, 839.199108
wathen100, 30402, 30402, 251001, 0.113018, 1137.101813, 0.086720, 1481.924694, 0.045744, 2809.385168
wathen120, 36442, 36442, 301101, 0.138397, 1113.925412, 0.101770, 1514.830642, 0.054627, 2822.105429
web-Google, 916429, 916429, 5105039, 3.908778, 668.694979, 2.951309, 885.634180, 2.092880, 1248.891430
web-NotreDame, 325730, 325730, 1497134, 1.123219, 682.442577, 0.794406, 964.912411, 0.497616, 1540.409875
wikipedia-20051105, 1634990, 1634990, 19753078, 9.778541, 1034.262283, 7.038307, 1436.933010, 5.868992, 1723.222010
wikipedia-20060925, 2983495, 2983495, 37269096, 19.333136, 986.998548, 14.660467, 1301.580397, 12.202992, 1563.696572
wikipedia-20061104, 3148441, 3148441, 39383235, 20.530016, 982.182223, 15.623500, 1290.633740, 12.997261, 1551.420430
wikipedia-20070206, 3566908, 3566908, 45030389, 23.608990, 976.558514, 18.108061, 1273.220744, 15.115359, 1525.306704
wiki-Talk, 2394386, 2394386, 5021410, 11.008842, 233.536097, 4.048249, 635.079918, 3.334800, 770.949368
windscreen, 22693, 22693, 752541, 0.137066, 2811.069942, 0.133722, 2881.366857, 0.099802, 3860.669489
wing_nodal, 10938, 10938, 75488, 0.039120, 987.981989, 0.040496, 954.411680, 0.016736, 2309.384420
wy2010, 86205, 86205, 213793, 0.272685, 401.423257, 0.172016, 636.347872, 0.113802, 961.867121
x104, 108385, 108385, 5138004, 0.985773, 2668.625110, 0.734256, 3582.753310, 0.722317, 3641.972727
Zd_Jac2, 22836, 22836, 1642833, 0.228656, 3678.584749, 0.239302, 3514.927169, 0.208922, 4026.058093
ogb, 2449029, 2449029, 126167053, 61.029686, 1058.460788, 67.799110, 952.778469, 61.097698, 1057.282553
reddit, 232965, 232965, 114848857, 17.288897, 3401.178084, 19.345421, 3039.614143, 16.052313, 3663.186354
GitHub, 37700, 37700, 615706, 0.575437, 547.829894, 0.147056, 2143.683234, 0.110400, 2855.448187
artist, 50515, 50515, 1638396, 0.355178, 2361.800879, 0.309072, 2714.120880, 0.271072, 3094.597497
ell, 203769, 203769, 672479, 0.787747, 437.080895, 0.417680, 824.337451, 0.296154, 1162.603649
amazon, 403394, 403394, 9068096, 3.250470, 1428.367174, 2.422509, 1916.552431, 1.880013, 2469.592186
amazon0505, 410236, 410236, 4878874, 2.780573, 898.370079, 1.906534, 1310.222101, 1.341082, 1862.663280
dd, 334925, 334925, 1686092, 1.448784, 595.864616, 0.645338, 1337.717078, 0.480419, 1796.928791
yelp, 716847, 716847, 13954819, 5.524169, 1293.383064, 5.841357, 1223.152042, 4.374419, 1633.329430
comamazon, 334863, 334863, 1851744, 1.563261, 606.484153, 1.266941, 748.332471, 0.862371, 1099.402408
IGB_small, 1000000, 1000000, 13068130, 8.468665, 790.075214, 8.248362, 811.177126, 6.705133, 997.874688
