dataSet,num_nodes,num_edges,sputnik,cusparse,rode,gespmm,advisor,tcgnn,dtc
144,144650,1074393,0.4922752,0.3503104,0.1790592,0.1936,0.3251,0.4797,0.4676063954830169
2D_27628_bjtcai,27629,442898,0.0604416,0.0564576,0.0271168,0.0473,0.0881,0.1087,0.1107967942953109
2D_54019_highK,54020,996414,0.1523872,0.108816,0.0641183999999999,0.1184,0.2007,0.7707,0.1911903917789459
333SP,3712816,11108633,9.0289856,6.9223488,4.7768738,4.6666,6.9704,1000000000.0,8.364428520202637
3D_28984_Tetra,28985,599170,0.180752,0.0689856,0.0482176,0.0631,0.1222,3.8434,0.1219616085290908
3D_51448_3D,51449,1056610,0.31152,0.1123584,0.0675968,0.125,0.2125,6.0364,0.1841184049844741
3Dspectralwave,680944,17165766,4.112608,2.7244513,2.3641727,1.912,2.9736,1000000000.0,2.737360000610352
3Dspectralwave2,292009,7307376,1.6045216,1.1480064,0.9524928,0.8154,1.2797,1000000000.0,1.1943039894104004
3dtube,45331,1629474,0.242064,0.2462304,0.1997856,0.1578,0.2921,1.3744,0.1790079921483993
598a,110972,741934,0.3286048,0.2920288,0.1420288,0.1553,0.2491,0.3738,0.4065248072147369
a0nsdsil,80017,200021,0.3559808,0.1345856,0.0866112,0.0749,0.1276,6.28,0.2073888033628463
a2nnsnsl,80017,196115,0.3524064,0.134864,0.0864256,0.0738,0.1298,6.2765,0.2108000069856643
a5esindl,60009,145004,0.5452128,0.1043744,0.0730656,0.0567,0.0945,2.1876,0.1865600049495697
adaptive,6815745,13624320,12.5367645,9.1839203,6.3942303,7.6111,11.0812,1000000000.0,14.006227493286133
af_0_k101,503626,9027150,1.3769664,1.2174112,1.5515968,0.9522,1.6421,1000000000.0,1.2350847721099854
af_1_k101,503626,9027150,1.3763456,1.216688,1.5528864,0.9528,1.642,1000000000.0,1.2301599979400637
af_2_k101,503626,9027150,1.3767552,1.2177184,1.5516512,0.9522,1.6414,1000000000.0,1.2539680004119873
af_3_k101,503626,9027150,1.3770272,1.217952,1.5525984,0.9523,1.6424,1000000000.0,1.254956841468811
af_4_k101,503626,9027150,1.3704928,1.2156768,1.5501792,0.9531,1.6432,1000000000.0,1.2298656702041626
af_5_k101,503626,9027150,1.37512,1.2180352,1.5531264,0.9532,1.6439,1000000000.0,1.2564672231674194
af_shell1,504856,9046865,1.3801024,1.2276992,1.517952,0.9539,1.6534,1000000000.0,1.2158559560775757
af_shell10,1508066,27090195,4.0610462,3.6372673,4.5858498,2.8491,4.7908,1000000000.0,3.5642077922821045
af_shell2,504856,9046865,1.3798144,1.2281984,1.518032,0.9534,1.6533,1000000000.0,1.2313920259475708
af_shell3,504856,9046865,1.3794144,1.2276288,1.5162304,0.9529,1.6536,1000000000.0,1.217414379119873
af_shell4,504856,9046865,1.3808672,1.2279968,1.5176192,0.9533,1.6558,1000000000.0,1.2122591733932495
af_shell5,504856,9046865,1.374576,1.2260096,1.5149632,0.9537,1.6561,1000000000.0,1.212070345878601
af_shell6,504856,9046865,1.3734272,1.2270144,1.5159424,0.9537,1.6542,1000000000.0,1.2206687927246094
af_shell7,504856,9046865,1.37384,1.2262912,1.515808,0.9541,1.6559,1000000000.0,1.212313532829285
af_shell8,504856,9046865,1.3736736,1.2267712,1.516368,0.9542,1.6542,1000000000.0,1.2123167514801023
af_shell9,504856,9046865,1.3747904,1.2269952,1.515744,0.9526,1.6542,1000000000.0,1.2187423706054688
ak2010,45293,108549,0.0788288,0.0647968,0.0396735999999999,0.0256,0.068,0.1621,0.1656160056591034
amazon0505,410236,4878874,1.0010784,0.713712,0.4594496,0.9114,1.3385,2.812,1.5843520164489746
Andrews,60001,410077,0.1654943999999999,0.1383584,0.0802112,0.0786,0.1432,0.2314,0.2074879854917526
AS365,3799276,11368076,9.9135071,7.7945984,5.919101,5.2513,7.2763,1000000000.0,8.837337493896484
as-caida,31380,106762,0.145872,0.0404608,0.03736,0.022,0.0491,1.1391,0.1240288019180297
as-Skitter,1696416,11095298,6.02752,3.6203838,3.161904,2.1386,3.7783,1000000000.0,3.9981632232666016
astro-ph,16707,121251,0.0376767999999999,0.0416,0.0256064,0.0239,0.0427,0.0692,0.1173024028539657
auto,448696,3314611,1.8471424,1.3444448,0.7992703999999999,0.6537,1.0411,1.4362,1.392966389656067
barrier2-1,113077,3805068,0.5933728,0.3649951999999999,0.3146208,0.4481,0.6861,6.66,0.7357631921768188
barrier2-10,115626,3897557,0.681616,0.3729216,0.3231136,0.4589,0.7019,10.1167,0.8027903437614441
barrier2-11,115626,3897557,0.6867872,0.3744,0.3261344,0.4602,0.7026,10.1585,0.7995167970657349
barrier2-12,115626,3897557,0.6933376,0.3743168,0.3245407999999999,0.46,0.703,10.1467,0.8038784265518188
barrier2-2,113077,3805068,0.6091456,0.3670304,0.3168064,0.4485,0.686,6.655,0.7355391979217529
barrier2-3,113077,3805068,0.6038848,0.366352,0.3163104,0.4478,0.6856,6.639,0.7357631921768188
barrier2-4,113077,3805068,0.5935520000000001,0.3659616,0.3148384,0.4482,0.6858,6.6669,0.736899197101593
barrier2-9,115626,3897557,0.6837951999999999,0.3731584,0.3233952,0.4594,0.7021,10.1581,0.8014367818832397
bauru5727,40367,145019,0.0653952,0.0540096,0.029744,0.0375,0.0808,0.0795,0.1651327908039093
bbmat,38745,1771722,0.1579136,0.1631296,0.0929344,0.169,0.3009,0.2297,0.1675328016281128
bcsstk17,10975,219812,0.0367232,0.049248,0.0268608,0.0254,0.0502,0.0506,0.0868927985429763
bcsstk18,11949,80519,0.02808,0.0350048,0.0160927999999999,0.0174,0.0302,0.0373,0.0862080007791519
bcsstk25,15440,133840,0.0365248,0.0393344,0.0197567999999999,0.0225,0.037,0.0393,0.0841759964823722
bcsstk29,13993,316740,0.0506272,0.0610528,0.0338528,0.0342,0.0656,0.0558,0.0999616011977195
bcsstk30,28925,1036208,0.13816,0.1606944,0.113232,0.0988,0.1843,0.1729,0.1085119992494583
bcsstk31,35589,608502,0.116016,0.10808,0.066832,0.0675,0.129,0.1032,0.1273920089006424
bcsstk32,44610,1029655,0.1676096,0.1743104,0.1351167999999999,0.1078,0.1932,0.1674,0.1682336032390594
bcsstk35,30238,740200,0.1075552,0.1232992,0.0855552,0.0734,0.1334,0.124,0.1151231974363327
bcsstk36,23053,583096,0.0806496,0.0962655999999999,0.0617216,0.0572,0.107,0.0865,0.096137598156929
bcsstk37,25504,583240,0.0866048,0.1962944,0.0631424,0.0576,0.1076,0.0809,0.1021919995546341
bcsstk39,46773,1068033,0.1600608,0.1672352,0.14792,0.1098,0.1948,0.1292,0.1686623990535736
bcsstm36,23053,166389,0.042784,0.043184,0.0240768,0.0233,0.045,0.0453,0.09060800075531
belgium_osm,1441296,1549970,2.6146688,1.5054272,1.0289312000000002,1.4316,2.0919,1000000000.0,2.912870407104492
BenElechi1,245875,6698185,0.9222464,0.9265856,0.8144767999999999,0.6481,1.0446,1000000000.0,0.6622335910797119
blockqp1,60013,340022,2.0303392,0.1186048,0.0754272,0.0682,0.1321,121.3709,0.1871871948242187
bloweya,30005,80005,0.3298496,0.0412,0.038816,0.0176,0.0583,5.9082,0.1233567968010902
bloweybl,30004,70001,0.3401632,0.0406976,0.038304,0.024,0.0564,5.8595,0.1268607974052429
bmw3_2,227363,5757996,0.9463904,0.833456,0.7378368,0.606,1.0302,1000000000.0,0.6301215887069702
bmw7st_1,141348,3740507,0.588752,0.5540928,0.4776032,0.3932,0.6651,0.6329,0.4774432182312011
bmwcra_1,148771,5396386,0.7160672,0.7688416,0.6209376,0.5302,0.9013,1000000000.0,0.4865024089813232
bone010,986704,36326514,4.8077698,5.1750721,4.1243649,3.4384,6.071,1000000000.0,2.991337537765503
boneS01,127225,3421188,0.5827136,0.5035168,0.4327808,0.3539,0.6105,0.3956,0.4448800086975097
boneS10,914899,28191660,4.7866241,3.9445984,3.3714401,2.8067,4.8126,1000000000.0,2.639094352722168
boyd1,93280,652246,4.699472,0.2425088,0.1222016,0.2086,0.4364,3751.4341,0.2827455997467041
boyd2,466317,890091,5.6235039,0.6545888,0.4854528,0.5155,0.7759,62.4998,1.054867148399353
brack2,62632,366559,0.1639168,0.1185759999999999,0.0688032,0.0756,0.1361,0.1634,0.2005759924650192
brainpc2,27608,96601,0.5294976,0.044704,0.0383936,0.0238,0.0354,0.0304,0.1216671913862228
bratu3d,27793,88627,0.0445216,0.0453056,0.0179232,0.0231,0.0279,0.0483,0.1602080017328262
Bump_2911,2911420,65320659,10.9240608,9.8633057,9.835968,6.9309,10.5337,1000000000.0,8.049718856811523
bundle1,10582,390741,0.0990624,0.0696512,0.0509248,0.0376,0.0738,0.1048,0.0947263985872268
bundle_adj,513352,10360701,1.9658016,1.4460992,1.1642367999999998,1.0134,1.7785,1000000000.0,1.19245445728302
c-42,10472,60378,0.0595584,0.0304448,0.03008,0.0209,0.0339,0.1998,0.1145280003547668
c-43,11126,67400,0.1067231999999999,0.0300416,0.0313728,0.0212,0.0284,0.0633,0.1161344051361084
c-45,13207,93829,0.0977344,0.0373856,0.0327808,0.0218,0.0305,0.0269,0.1158624067902565
c-46,14914,72655,0.0677536,0.0319552,0.0309408,0.0214,0.0331,0.0532,0.115817591547966
c-47,15344,113372,0.0845983999999999,0.0383808,0.0347104,0.0223,0.0399,0.1612,0.1215903982520103
c-48,18355,92217,0.046784,0.0398175999999999,0.0271648,0.0224,0.0443,0.2456,0.1282112002372741
c-49,21133,89087,0.0607008,0.0397343999999999,0.0284384,0.0228,0.0468,0.4319,0.1250815987586975
c-50,22402,108013,0.0827456,0.0405088,0.0339744,0.023,0.0464,0.4274,0.1260831952095031
c-51,23197,113123,0.0708352,0.0426368,0.0332896,0.0233,0.0519,0.4493,0.137091189622879
c-52,23949,113332,0.0702976,0.0423776,0.0299968,0.0234,0.0511,0.4984,0.1335199922323227
c-53,30236,201224,0.1984768,0.058416,0.0401856,0.0362,0.0602,0.1269,0.1323359906673431
c-54,31794,211743,0.1105888,0.0626656,0.0431744,0.0376,0.0692,0.5327,0.1335743963718414
c-55,32781,218115,0.1275232,0.0638816,0.0443647999999999,0.0402,0.0801,1.015,0.1398527920246124
c-56,35911,208405,0.103056,0.0650464,0.0449856,0.0409,0.074,0.4499,0.143200010061264
c-57,37834,221515,0.4635936,0.0685664,0.0471968,0.0432,0.0728,0.0803,0.1515935957431793
c-58,37596,295076,0.2392351999999999,0.0741951999999999,0.0550432,0.0473,0.0935,2.2634,0.1581344008445739
c-59,41283,260909,0.1459039999999999,0.0772064,0.056176,0.0509,0.1065,1.1005,0.1615296006202697
c-60,43641,171109,0.1165824,0.0715136,0.049616,0.0498,0.0972,0.7267,0.1667072027921676
c-61,43619,176817,0.134624,0.0709248,0.051392,0.0498,0.1006,0.9849,0.1672767996788025
c-62,41732,300537,0.2566208,0.1242624,0.0603424,0.0528,0.1033,2.2064,0.168761596083641
c-62ghs,41732,300537,0.2565088,0.0804736,0.0598688,0.0526,0.1043,2.2138,0.1682943999767303
c-63,44235,239469,0.1569664,0.07872,0.0567263999999999,0.0546,0.1078,1.1851,0.1744032055139541
c-64,51036,384438,0.4583136,0.103168,0.0583104,0.0651,0.1183,0.1412,0.1830720007419586
c-64b,51036,384438,0.4651104,0.1058208,0.0587008,0.065,0.1183,0.1401,0.183145597577095
c-65,48067,204297,0.1700448,0.0803424,0.0570304,0.0576,0.1122,1.2021,0.1848127990961074
c-66,49990,274498,0.2846432,0.0880032,0.0642336,0.0612,0.1124,1.0653,0.185151994228363
c-66b,49990,274498,0.2835968,0.0884096,0.0639456,0.0617,0.1111,1.0681,0.1855967938899994
c-67b,57976,294955,0.1899168,0.1046144,0.0596448,0.069,0.1234,0.2054,0.2017631977796554
c-68,64811,315408,0.1900031999999999,0.1120448,0.0784416,0.0774,0.1484,1.0151,0.2043168097734451
c-69,67459,345714,0.248608,0.1181024,0.0825664,0.0806,0.157,1.7684,0.2099263966083526
c-70,68925,363955,0.2494688,0.1226272,0.0863456,0.0832,0.1607,1.8137,0.20624640583992
c-71,76639,468096,0.3479424,0.1395424,0.094384,0.0996,0.1948,3.4306,0.2205471992492675
c-73,169423,724348,1.916864,0.2834687999999999,0.2068384,0.1943,0.3191,0.2476,0.4139391779899597
c-73b,169423,724348,1.9176577,0.284528,0.2080416,0.1942,0.3193,0.2472,0.4114688038825989
ca-AstroPh,18773,198110,0.0496448,0.053328,0.0338464,0.0271,0.0582,0.2821,0.1553376019001007
ca-CondMat,23134,93497,0.039648,0.0419552,0.0213056,0.0205,0.0441,0.1274,0.1671136021614074
cage14,1505786,27130349,6.192326400000001,3.7023296,2.6126335000000003,4.1905,5.4825,1000000000.0,7.199727535247803
cage15,5154860,99199551,23.9491974,14.631123400000002,11.125238,16.468,20.6748,1000000000.0,26.668701171875
ca-HepPh,12009,118521,0.0410816,0.040096,0.0294752,0.0247,0.0431,0.1872,0.1356640011072158
caidaRouterLevel,192245,609066,0.4266464,0.2956928,0.1986944,0.1848,0.335,0.2897,0.5130208134651184
cant,62452,2034917,0.3210624,0.3050752,0.2479232,0.2046,0.3498,0.2511,0.2140800058841705
case39,40217,526139,0.974672,0.1095424,0.0894495999999999,0.0529,0.104,0.0768,0.1008736044168472
case9,14455,75801,0.254336,0.0347168,0.032768,0.0147,0.0253,0.0211,0.0948768034577369
c-big,345242,1343126,1.4711168,0.5832448,0.426576,0.4357,0.6803,19.7395,0.8646432161331177
cbuckle,13682,345098,0.0567776,0.063008,0.0519935999999999,0.0363,0.0707,0.1629,0.0805215984582901
ccc,49153,73728,0.084848,0.0718464,0.0360319999999999,0.059,0.0817,0.0546,0.2526271939277649
cfd1,70657,949510,0.2307008,0.162352,0.0936128,0.1227,0.1939,0.2086,0.2204608023166656
Chebyshev4,68122,5377761,3.5130943,0.562992,0.2976512,0.6078,1.2166,1000000000.0,0.5078911781311035
circuit_4,80210,307604,0.4112351999999999,0.1083712,0.0788352,0.0917,0.1758,4.0557,0.2188767939805984
circuit5M_dc,3523318,19194193,8.1136604,5.2138687,3.7296513,5.3808,7.4696,1000000000.0,8.63032341003418
citationCiteseer,268496,1156647,0.6955104000000001,0.5563136,0.3686303999999999,0.2911,0.5084,0.8572,0.7458528280258179
cit-Patents,3774769,16518948,8.4423523,6.139382599999999,4.460649500000001,5.8563,7.5227,1000000000.0,7.82305908203125
ckt11752_dc_1,49703,333029,0.1902592,0.077632,0.0574528,0.074,0.1175,1.3002,0.175487995147705
ckt11752_tr_0,49703,333029,0.1901151999999999,0.079088,0.057472,0.074,0.118,1.3014,0.1749407947063446
cnr-2000,325558,3216152,0.7040447999999999,0.4389472,0.3478816,0.4233,0.7462,1.3324,0.7865695953369141
CO,221120,3943588,0.7888352000000001,0.6488608,0.6401792000000001,0.4801,0.6987,1.2952,0.8826239705085754
coAuthorsCiteseer,227321,814134,0.5304255999999999,0.3220224,0.2368351999999999,0.2158,0.3979,0.2305,0.525276780128479
coAuthorsDBLP,299068,977676,0.7131103999999999,0.4372416,0.3274816,0.282,0.5157,0.3257,0.8239551782608032
cond-mat-2003,31164,120029,0.0555936,0.050112,0.0244448,0.0264,0.0467,0.0535,0.1246880069375038
cond-mat-2005,40422,175693,0.0791712,0.0669504,0.0350368,0.03,0.0622,0.0734,0.1376319974660873
conf5_4-8x8-05,49153,1916928,0.1544032,0.1630432,0.1541696,0.1955,0.3325,0.2958,0.1951647996902465
conf5_4-8x8-10,49153,1916928,0.154384,0.1622208,0.1542048,0.1957,0.3327,0.2961,0.1950559914112091
conf5_4-8x8-15,49153,1916928,0.153552,0.1631391999999999,0.154464,0.1956,0.3325,0.2974,0.1938879936933517
conf5_4-8x8-20,49153,1916928,0.1548224,0.1624671999999999,0.1542848,0.1955,0.3324,0.2959,0.1965695917606353
conf6_0-8x8-20,49153,1916928,0.1546624,0.1625056,0.153712,0.1954,0.3321,0.2971,0.1943711936473846
conf6_0-8x8-30,49153,1916928,0.1614112,0.1638336,0.1558336,0.1957,0.3329,0.2959,0.1949311941862106
conf6_0-8x8-80,49153,1916928,0.1645696,0.1639904,0.1555328,0.1958,0.3322,0.2959,0.1993888020515442
consph,83335,3046907,0.3772512,0.4551424,0.332576,0.2974,0.5323,0.356,0.3531039953231811
cont-201,80596,239596,0.1693984,0.1190336,0.0676288,0.0808,0.136,0.1008,0.2161920070648193
cont-300,180896,539396,0.3692928,0.2258304,0.153328,0.1756,0.3089,0.2188,0.413593590259552
coPapersCiteseer,434103,16036720,2.4516705,2.273872,2.0233696,1.6431,2.8574,1000000000.0,1.2969632148742676
coPapersDBLP,540487,15245729,3.0421312,2.3935841,2.2128223,1.6906,2.8807,1000000000.0,1.5847359895706177
copter1,17223,114143,0.0351296,0.0378496,0.0203264,0.0169,0.0323,0.0465,0.0982847958803176
CoupCons3D,416801,22322336,1.7938047,1.6810334999999998,1.5041536,2.1419,3.5115,1000000000.0,1.8254848718643188
crankseg_1,52805,5333507,0.5370432,0.7653920000000001,0.4699104,0.4984,0.8402,1000000000.0,0.3268511891365051
crankseg_2,63839,7106348,0.701056,1.0110336,0.617936,0.6603,1.1139,1000000000.0,0.4443903863430023
crplat2,18011,489478,0.0593664,0.080976,0.0507488,0.0485,0.0897,0.0606,0.1036703959107399
crystk02,13966,491274,0.0589824,0.0818048,0.0469536,0.0479,0.0942,0.0659,0.0970944017171859
crystk03,24697,887937,0.1076032,0.3032384,0.0900032,0.0808,0.158,0.1147,0.1068703979253768
crystm02,13966,168435,0.0384736,0.046,0.0217824,0.0244,0.0389,0.0529,0.0959296002984047
crystm03,24697,304233,0.0654464,0.0690016,0.0366111999999999,0.0381,0.062,0.0899,0.1080896034836769
ct2010,67579,168176,0.131264,0.0936096,0.0555328,0.0601,0.1095,0.1017,0.2419231832027435
ct20stif,52330,1375396,0.2111872,0.209248,0.1759328,0.142,0.2513,0.287,0.1900832056999206
Cube_Coup_dt0,2164761,64685452,9.1153091,9.8643425,7.4925026,6.939,10.2811,1000000000.0,6.420188903808594
Cube_Coup_dt6,2164761,64685452,9.11744,10.0497536,7.513398700000001,6.9415,10.2899,1000000000.0,6.410172939300537
CurlCurl_0,11084,62213,0.0246208,0.0296288,0.0126655999999999,0.0137,0.0226,0.0228,0.0912000015377998
CurlCurl_4,2380516,14448191,6.435088299999999,3.3197025,2.3055937,2.7755,4.687,1000000000.0,5.201900959014893
cvxqp3,17501,69981,0.031136,0.034576,0.0155008,0.0181,0.0268,0.0404,0.1038912087678909
cyl6,13682,363961,0.0485312,0.0659328,0.0527488,0.0392,0.0742,0.1924,0.0797824040055275
darcy003,389875,1167685,0.8086528,0.635632,0.4500896,0.4949,0.7458,0.5079,0.942083179950714
dawson5,51538,531157,0.1505408,0.1152128,0.0621088,0.0935,0.1307,0.12,0.1943103969097137
dblp-2010,326187,807700,0.6906272,0.34744,0.2676352,0.2676,0.4522,0.3793,0.8075488209724426
dc3,116836,766396,5.7158592,0.186464,0.115824,0.1823,0.3481,1963.4246,0.3265056014060974
de2010,24116,58028,0.0360223999999999,0.0350432,0.0176384,0.0211,0.039,0.0477,0.1421056091785431
debr,1048577,2097149,1.9768961,1.6051168,1.1658656,1.2122,1.8547,1000000000.0,2.2818336486816406
delaunay_n15,32769,98274,0.0560192,0.0463392,0.0220192,0.0227,0.0389,0.0403,0.1818560063838958
delaunay_n16,65537,196575,0.1412992,0.0996448,0.0601184,0.0626,0.1092,0.0758,0.2491616010665893
delaunay_n17,131073,393176,0.2989856,0.1836672,0.1230815999999999,0.1238,0.2099,0.1387,0.3453407883644104
delaunay_n18,262145,786396,0.6364352,0.3506144,0.2564256,0.2471,0.4105,0.2677,0.603932797908783
delaunay_n19,524289,1572823,1.288704,0.6802592,0.5159392,0.5066,0.8125,0.5245,1.201807975769043
delaunay_n20,1048577,3145686,2.5949728,1.3541376,1.0280448,1.0231,1.6109,1000000000.0,2.2972991466522217
delaunay_n21,2097153,6291408,5.1924385,2.6768608,2.0433664,2.0737,3.2103,1000000000.0,4.341916561126709
delaunay_n22,4194305,12582869,10.4245476,5.3357025,4.0821087,4.1625,6.4057,1000000000.0,8.514825820922852
denormal,89401,622812,0.2279904,0.1368192,0.081888,0.1113,0.1821,0.1602,0.2289920151233673
dictionary28,52653,89038,0.081504,0.0696576,0.0350144,0.0267,0.0438,0.0714,0.1957760006189346
dielFilterV2clx,607233,12958252,3.1716736,1.9310432,1.968544,1.4584,2.288,1000000000.0,1.971251130104065
dielFilterV2real,1157457,24848204,6.1844479,3.7259777,3.9247425,2.8044,4.3854,1000000000.0,3.7723968029022217
dielFilterV3clx,420409,16653308,2.8293184,2.4293568,2.194544,1.6711,2.7449,1000000000.0,1.6728289127349854
Dubcova1,16130,134569,0.0344832,0.0391488,0.0175264,0.0224,0.034,0.0439,0.1158079952001571
Dubcova3,146690,1891669,0.5201952000000001,0.4108672,0.2617792,0.243,0.4171,0.2739,0.3704800009727478
e40r0100,17282,553562,0.0535167999999999,0.058064,0.0340832,0.0552,0.1075,0.1321,0.0979840010404586
EAT_RS,23220,325592,0.0705568,0.0521375999999999,0.0383648,0.0417,0.0877,0.4139,0.121456004679203
ecology1,1000001,2998000,1.8993984,0.960352,0.6979264,1.0834,1.6178,1000000000.0,2.236112117767334
ecology2,1000000,2997995,1.8989985,0.9611776,0.6979008,1.0835,1.6185,1.1959,2.235142230987549
email-Enron,36693,183831,0.1256512,0.0697152,0.0474752,0.0325,0.0575,0.1078,0.1574144065380096
Emilia_923,923137,20964171,3.4232098,2.9768415,3.0164192,2.261,3.4429,1000000000.0,2.6761279106140137
engine,143572,2424822,0.5833503999999999,0.4193152,0.3166304,0.3168,0.5172,0.5547,0.4837600290775299
enron,69245,276143,0.1444192,0.0920448,0.0603647999999999,0.0657,0.0838,0.8626,0.2694464027881622
eu-2005,862665,19235140,2.5754816000000003,1.6871872,1.3799232,2.0731,3.4519,1000000000.0,2.377049684524536
ex11,16615,1096948,0.0755424,0.09024,0.0545312,0.1005,0.188,0.1651,0.1033920049667358
ex19,12006,259879,0.0343712,0.0391424,0.0201856,0.033,0.0574,0.0596,0.0904576033353805
F1,343792,13590452,2.2534975,2.1584513000000003,1.8950048,1.4622,2.392,1000000000.0,1.3699040412902832
F2,71506,2682895,0.3663679999999999,0.430656,0.32704,0.2776,0.4635,0.4449,0.328876793384552
Fault_639,638803,14626683,2.4996799,2.0837343,2.080896,1.5443,2.4049,1000000000.0,1.8436639308929443
fcondp2,201823,5748069,0.7919008,0.8365248,0.683456,0.5807,0.9852,1000000000.0,0.5808736085891724
fem_hifreq_circuit,491101,20239237,2.1041759,1.6442944000000002,1.6537887999999998,2.3041,3.2796,1000000000.0,2.490911960601806
filter3D,106438,1406808,0.4342528,0.2494848,0.1808287999999999,0.1871,0.2964,0.4093,0.3937951922416687
finance256,37377,167936,0.0712992,0.0601696,0.0301759999999999,0.0278,0.0677,0.0742,0.1205760017037391
Flan_1565,1564795,59485419,7.295859500000001,8.8041634,6.928649900000001,5.7141,9.8199,1000000000.0,4.896236896514893
flickr,820879,9837214,2.0477247,1.4563168,1.2156608,1.5467,2.45,1000000000.0,3.266108751296997
foldoc,13357,120238,0.0257023999999999,0.030752,0.0143583999999999,0.0218,0.0409,0.1026,0.0921856015920639
Freescale1,3428756,18920347,7.891452800000001,5.694591900000001,4.276643399999999,5.7912,8.0352,1000000000.0,8.93518352508545
fullb,199188,5953632,0.8743584,0.9201344,0.7608704000000001,0.621,1.0359,1000000000.0,0.5839775800704956
fxm4_6,18893,258368,0.0539328,0.0549152,0.0306976,0.0328,0.0653,0.1065,0.0944352000951767
G2_circuit,150103,438388,0.300416,0.1762304,0.1151232,0.165,0.2556,0.1884,0.3635488152503967
G3_circuit,1585479,4623152,3.1884159,1.7870815,1.3151232,1.7805,2.6833,1000000000.0,3.569807767868042
Ga10As10H30,113082,3114357,0.4749024,0.480736,0.4502752,0.3542,0.5356,0.8438,0.5079647898674011
Ga19As19H42,133124,4508981,0.6430624,0.6752,0.6159711999999999,0.4946,0.7594,1.1344,0.6389120221138
Ga3As3H12,61350,3016148,0.3613408,0.4398304,0.3660416,0.3036,0.5011,1.173,0.3356415927410126
Ga41As41H72,268097,9378286,1.4596576,1.4191744,1.2871712,1.0156,1.5536,1000000000.0,1.2719519138336182
GaAsH6,61350,1721579,0.2620639999999999,0.268448,0.2388544,0.195,0.3039,1.097,0.3086816072463989
gas_sensor,66918,885141,0.2154944,0.1512448,0.0870336,0.1167,0.1796,0.2112,0.2145888060331344
Ge87H76,112986,4002590,0.6028352,0.6045248,0.533536,0.4339,0.6731,1.0091,0.5875264406204224
Ge99H100,112986,4282190,0.6382976,0.6446080000000001,0.5614528,0.4572,0.7134,1.0668,0.5979360342025757
gearbox,153747,4617075,0.6808576000000001,0.6562048,0.5763232,0.481,0.7902,0.5504,0.4911903738975525
Geo_1438,1437961,32297325,5.5511040000000005,4.6860126,4.773632,3.5053,5.3169,1000000000.0,4.104742527008057
gridgena,48963,280523,0.110864,0.0786336,0.0405152,0.0588,0.0995,0.0721,0.187391996383667
gsm_106857,589447,11174185,3.482272,3.8993824,3.5319393,2.132,2.7511,1000000000.0,3.2195777893066406
gupta1,31803,1098006,0.4526592,0.1678784,0.1284224,0.096,0.1894,0.2026,0.134086400270462
gupta2,62065,2155175,0.5935488,0.3166304,0.2534656,0.1996,0.364,0.3508,0.2155744135379791
gupta3,16784,4670105,0.93808,0.6309152,0.4981632,0.456,0.8359,288.3711,0.1627904027700424
gyro,17362,519260,0.072512,0.0884384,0.0575296,0.0519,0.1001,0.0888,0.0985696017742157
gyro_k,17362,519260,0.0710592,0.088144,0.0573728,0.0516,0.0995,0.089,0.0987743958830833
gyro_m,17362,178896,0.044208,0.0477439999999999,0.0255616,0.0258,0.0454,0.0697,0.0936191976070404
H2O,67025,1141880,0.225632,0.1974592,0.1855072,0.143,0.215,0.3874,0.3103263974189758
halfb,224618,6306219,0.9203104,0.9589408,0.8111872,0.6543,1.0842,1000000000.0,0.6345311999320984
Hamrle3,1447361,5514242,2.9193855,2.0754463000000003,1.3308736,1.9046,2.8888,1000000000.0,3.262124538421631
hangGlider_4,15562,79088,0.3378432,0.0361696,0.0337248,0.0217,0.0444,3.2247,0.1142528057098388
hangGlider_5,16012,82070,0.344928,0.0344736,0.0336992,0.0217,0.0395,3.3568,0.1143200024962425
helm2d03,392258,1567096,0.8679840000000001,0.5933376,0.4343263999999999,0.4426,0.7268,0.4889,0.9391199946403505
helm3d01,32227,230335,0.0726527999999999,0.0640256,0.0336192,0.0337,0.0599,0.0865,0.1375935971736908
hi2010,25017,62063,0.0375872,0.0374496,0.0186464,0.0204,0.0379,0.0489,0.1603423953056335
hollywood-2009,1139906,57515616,13.5185532,9.3219139,8.402937300000001,6.5825,10.2019,1000000000.0,7.609740257263184
hood,220543,5494489,0.8920096,0.8374879999999999,0.8415456000000001,0.6071,1.0072,1000000000.0,0.6053279638290405
Hook_1498,1498024,31207734,7.346313499999999,4.5742046,4.2969406,3.4386,5.3512,1000000000.0,4.027609825134277
HTC_336_4438,226341,565431,0.6784544,0.3298303999999999,0.2383552,0.2582,0.418,0.3642,0.5461664199829102
HTC_336_9129,226341,554881,0.6684352,0.3297792,0.2371712,0.2591,0.4183,0.3621,0.5414624214172363
hugetric-00000,5824555,8733523,10.5731041,7.652246100000001,5.3169186,5.9719,8.7385,1000000000.0,10.989702224731444
human_gene1,22284,12345963,1.1958912,1.7963360000000002,1.5867168,1.1774,1.9674,1000000000.0,1.1251360177993774
human_gene2,14341,9041364,0.9308448,1.3087392,1.1308352,0.8366,1.4345,1000000000.0,0.6877024173736572
ibm_matrix_2,51449,1056610,0.3093696,0.113392,0.068544,0.1249,0.2118,6.0382,0.1818111985921859
igbt3,10939,234006,0.0316032,0.0356767999999999,0.0193184,0.033,0.0495,0.1056,0.0921823978424072
in-2004,1382909,16917053,3.2169857,1.6103552,1.4056032,2.0825,3.5689,1000000000.0,2.9123008251190186
inlet,11731,328323,0.0366688,0.042576,0.0230464,0.0343,0.066,0.0461,0.0901664048433303
inline_1,503713,18660027,3.1864832,2.7656,2.3997601,1.8792,3.1398,1000000000.0,1.657926321029663
italy_osm,6686494,7013978,11.9506721,6.9323906,4.6540928,6.8489,9.6967,1000000000.0,13.13616943359375
jan99jac120sc,41375,260202,0.0723808,0.0613248,0.0322208,0.047,0.1,0.1021,0.1368543952703476
juba40k,40338,144945,0.06632,0.0536864,0.0298528,0.0365,0.0798,0.0789,0.1697119921445846
k3plates,11108,378927,0.0359424,0.0448288,0.0231648,0.0406,0.0781,0.0562,0.0901087969541549
kim1,38416,933195,0.1128671999999999,0.101024,0.0507776,0.1002,0.1574,0.1411,0.1497568041086197
kkt_power,2063495,8130343,5.326112,2.9903616,2.3557119,2.5919,3.9323,1000000000.0,5.160764694213867
kron_g500-logn16,65537,2456398,0.9825952,0.3903296,0.3406112,0.2571,0.4692,7.5997,0.5557760000228882
kron_g500-logn17,131073,5114375,1.7912289,0.8198784,0.7406688,0.5427,0.9792,1000000000.0,1.1645312309265137
kron_g500-logn18,262145,10583222,3.372192,1.7730433,1.5923616,1.1398,2.0288,1000000000.0,2.451676845550537
kron_g500-logn19,524289,21781478,6.3744415,4.158144,3.5383457,2.4631,4.3407,1000000000.0,5.244569778442383
kron_g500-logn20,1048577,44620272,12.1227234,10.6763939,7.933872200000001,5.7051,9.5358,1000000000.0,11.291948318481444
laminar_duct3D,67174,3833077,0.2783647999999999,0.3272511999999999,0.2080416,0.3708,0.6121,0.514,0.3689472079277038
language,399131,1216334,1.0756,0.4878464,0.3483072,0.466,0.7484,8.4592,0.9749024510383606
largebasis,440021,5560100,1.1764896,0.7817824,0.572512,0.8506,1.3109,1000000000.0,1.1930208206176758
ldoor,952204,23737339,3.9569534,3.4579842,3.6951584,2.6666,4.3612,1000000000.0,2.475791931152344
lhr34,35153,764014,0.0902656,0.0889792,0.0456288,0.0832,0.1569,0.1121,0.1381312012672424
lhr34c,35153,764014,0.0894336,0.08536,0.0455519999999999,0.0833,0.1575,0.1128,0.1384864002466201
lhr71,70305,1528092,0.215536,0.6131488,0.1127488,0.1773,0.3068,0.2004,0.2220031917095184
lhr71c,70305,1528092,0.2079359999999999,0.15104,0.1112128,0.1781,0.3067,0.2004,0.2222367972135543
li,22696,1350309,0.1103552,0.1178816,0.0810656,0.1244,0.2217,0.2461,0.1244352012872695
Long_Coup_dt0,1470153,44279572,6.670889300000001,6.661577599999999,5.4040222,4.6767,7.3756,1000000000.0,4.499264240264893
Long_Coup_dt6,1470153,44279572,6.6716576000000005,6.7108963,5.4336704,4.6742,7.3822,1000000000.0,4.484892845153809
lowThrust_10,18261,116074,0.226992,0.0398528,0.037232,0.023,0.0338,0.0535,0.1298016011714935
lowThrust_11,18369,117002,0.2276832,0.0409984,0.0369984,0.0236,0.0341,0.0539,0.1296000033617019
lowThrust_12,18459,117423,0.2287168,0.0395296,0.0366016,0.024,0.0341,0.0541,0.1283904016017913
lowThrust_13,18477,117580,0.2271872,0.04088,0.0366528,0.024,0.0342,0.0549,0.1290976107120514
lowThrust_4,13563,84240,0.1729984,0.0366368,0.0339392,0.0217,0.0276,0.0481,0.1144415959715843
lowThrust_5,16263,103701,0.202448,0.0387488,0.0353536,0.0224,0.0304,0.0498,0.1447744071483612
lowThrust_6,16929,108376,0.2120224,0.0391488,0.0351488,0.0227,0.0323,0.0519,0.1283679902553558
lowThrust_7,17379,110607,0.2147456,0.0386911999999999,0.03592,0.0227,0.0329,0.0523,0.1266719996929168
lowThrust_8,17703,113139,0.2199872,0.0389344,0.0359552,0.0227,0.0334,0.0534,0.1263007968664169
lowThrust_9,18045,114806,0.2260288,0.0384352,0.036336,0.023,0.0338,0.0528,0.1270624101161956
lp1,534389,1088904,12.0746849,0.6133824,0.4198144,0.5319,0.8561,0.4502,1.2361280918121338
luxembourg_osm,114600,119666,0.2047584,0.1350656,0.0854207999999999,0.1243,0.1769,0.0914,0.2893696129322052
m14b,214766,1679018,0.7950656,0.4920768,0.2764575999999999,0.2997,0.494,0.6588,0.6933792233467102
mario001,38435,114643,0.0675744,0.0574144,0.0270176,0.0247,0.0457,0.0556,0.1274687945842743
mario002,389875,1167685,0.8097664,0.6364288,0.4499552,0.4951,0.7453,0.5077,0.9438239932060242
mark3jac040sc,18290,113435,0.0302047999999999,0.0320992,0.0148352,0.019,0.0433,0.0601,0.0957472026348114
mark3jac060sc,27450,170695,0.0432288,0.0416512,0.0196895999999999,0.026,0.0572,0.0803,0.0966847985982894
me2010,69519,167738,0.1342016,0.0941695999999999,0.0576256,0.0605,0.1123,0.1194,0.2579520046710968
memplus,17759,126150,0.03872,0.0321151999999999,0.0250591999999999,0.0221,0.036,0.5783,0.118070401251316
mip1,66464,5209641,3.1626911,0.6650623999999999,0.4981312,0.4703,0.8524,1000000000.0,0.2388480007648468
ML_Laplace,377003,27689972,1.5862463999999998,1.8912064,1.5882048,2.4548,4.4643,1000000000.0,1.501935958862305
mouse_gene,45102,14506196,1.7121632000000002,2.1550848,1.9872513,1.3584,2.3508,1000000000.0,1.975388765335083
msc10848,10849,620313,0.0708704,0.1033088,0.0649888,0.0624,0.1129,0.1957,0.1089055985212326
msc23052,23053,588933,0.0816896,0.098944,0.061216,0.0586,0.1137,0.184,0.1163936033844947
msdoor,415864,10328399,1.7333535999999998,1.5066496,1.5488256,1.1336,1.882,1000000000.0,1.140214443206787
m_t1,97579,4925574,0.5650624,0.706496,0.5071296000000001,0.4619,0.8187,0.525,0.3953503966331482
mult_dcop_01,25188,193276,0.60112,0.0462784,0.0379296,0.0331,0.0892,24.6372,0.1096447929739952
mult_dcop_02,25188,193276,0.6039008,0.0466624,0.038256,0.0328,0.0861,24.6659,0.1101856008172035
mult_dcop_03,25188,193216,0.5983712,0.0470752,0.0383871999999999,0.0329,0.0815,24.5921,0.1064895987510681
NACA0015,1039184,3114818,2.6715744,2.1192768,1.5648,1.3859,1.9271,1000000000.0,2.437955379486084
nasasrb,54871,1366097,0.2181055999999999,0.2055552,0.175952,0.1429,0.2358,0.1704,0.1897408068180084
nd12k,36001,7128473,0.9902752,1.0360832,0.5803583999999999,0.6689,1.1007,1000000000.0,0.3017823994159698
nd24k,72001,14393817,2.1019903,2.0889664,1.1978112,1.3427,2.2027,1000000000.0,0.5071263909339905
nd6k,18001,3457658,0.4232832,0.5136256,0.2990176,0.334,0.538,0.6777,0.1385727971792221
net100,29921,1031560,0.1379872,0.1738176,0.1062367999999999,0.1015,0.1903,0.5843,0.183980792760849
net125,36721,1306960,0.1753248,0.9469376,0.1401472,0.131,0.2429,0.6662,0.2218240052461624
net150,43521,1582360,0.2131808,0.2552767999999999,0.174112,0.1613,0.2934,0.724,0.2851263880729675
net4-1,88344,1265035,0.4560544,0.246976,0.170592,0.1798,0.3084,0.7179,0.3585216104984283
net50,16321,480760,0.0611392,0.0879232,0.05088,0.0543,0.1,0.4067,0.1312640011310577
net75,23121,756160,0.0966464,0.1329855999999999,0.075536,0.0788,0.1449,0.4979,0.1503487974405288
netherlands_osm,2216689,2441238,4.0386974,2.2818975,1.5590848,2.1038,3.0368,1000000000.0,4.495520114898682
nh2010,48838,117275,0.086064,0.0681248,0.039968,0.0337,0.0767,0.0782,0.1786111891269683
NLR,4163764,12487976,10.8253372,8.7603363,6.519868499999999,5.7824,8.0119,1000000000.0,9.646157264709473
NotreDame_www,325730,929849,0.512688,0.6850784,0.1942016,0.2164,0.3255,0.3499,0.5663744211196899
nv2010,84539,208499,0.1665152,0.1109888,0.0695552,0.0747,0.1367,0.132,0.2745503783226013
ohne2,181344,11063545,0.903968,0.867904,0.7882912,1.0991,1.8219,1000000000.0,1.2512736320495603
oilpan,73753,1835470,0.2779456,0.2752256,0.2671104,0.2026,0.3367,0.1685,0.2203488051891327
olafu,16147,515651,0.0731232,0.0849535999999999,0.0514976,0.0503,0.099,0.0626,0.0936544016003608
onetone2,36058,227628,0.0611295999999999,0.053344,0.028032,0.034,0.0784,0.0767,0.1261855959892273
OPF_10000,43888,255799,0.0923168,0.0779456,0.0412928,0.0556,0.1003,0.1075,0.1645791977643966
opt1,15450,973052,0.1005408,0.145824,0.0875872,0.092,0.1698,0.1513,0.1017632037401199
p2p-Gnutella31,62587,147892,0.0954687999999999,0.0739104,0.0448032,0.0387,0.063,0.1039,0.1877887994050979
parabolic_fem,525826,2100225,1.251024,1.1633984,0.885472,0.7522,1.1321,0.8041,1.2969056367874146
patents,3774769,14970767,8.246383699999999,5.7628414,4.1907806,5.4982,7.0224,1000000000.0,7.383673667907715
pattern1,19243,4671337,0.527808,0.6824224,0.4558335999999999,0.4608,0.7513,10.498,0.6241632103919983
pcrystk02,13966,491274,0.0576799999999999,0.0814592,0.0468096,0.0479,0.094,0.0661,0.0959904044866561
pcrystk03,24697,887937,0.1072064,0.1388352,0.0900192,0.0808,0.1577,0.1164,0.1076640039682388
pct20stif,52330,1375396,0.21112,0.2101055999999999,0.1756992,0.1421,0.2523,0.2895,0.1925472021102905
pdb1HYS,36418,2190591,0.2607456,0.3192352,0.212144,0.1966,0.3653,0.2462,0.1562080085277557
pds10,16559,83108,0.0304768,0.036112,0.0159455999999999,0.0214,0.0364,0.098,0.0831264033913612
PFlow_742,742794,18940627,3.235405,2.6856129,2.6531073,1.9542,3.3259,1000000000.0,2.247430324554444
pkustk01,22045,500712,0.0736096,0.086256,0.0484384,0.0526,0.1013,0.1345,0.1078495979309082
pkustk02,10801,410400,0.04752,0.0699168,0.0393664,0.0427,0.0815,0.1426,0.098191998898983
pkustk03,63337,1596876,0.2431872,0.252672,0.1936736,0.1727,0.3049,0.2313,0.2066080123186111
pkustk04,55591,2137125,0.3930112,0.3156,0.2307199999999999,0.2242,0.3954,4.7183,0.2456223964691162
pkustk05,37165,1121154,0.144304,0.1784127999999999,0.1239552,0.1139,0.2119,0.2351,0.1714335978031158
pkustk06,43165,1307466,0.1682208,0.2047872,0.1488799999999999,0.1355,0.244,0.2344,0.1764543950557708
pkustk07,16861,1217832,0.1259616,0.1816224,0.1181408,0.1188,0.2078,0.5028,0.1217887997627258
pkustk08,22210,1624440,0.1739488,0.2435424,0.161152,0.1565,0.2689,0.5638,0.142803207039833
pkustk09,33961,808800,0.1226464,0.1331488,0.0869024,0.0838,0.1592,0.146,0.1358816027641296
pkustk10,80677,2194830,0.3199744,0.3321472,0.2614624,0.2354,0.4013,0.329,0.2485696077346801
pkustk11,87805,2652858,0.3450111999999999,0.4000992,0.3142304,0.2839,0.4784,0.3939,0.275788813829422
pkustk12,94654,3803485,0.550096,0.5412896,0.41872,0.3913,0.6768,12.5852,0.4096640050411224
pkustk13,94894,3355860,0.4978752,0.4908127999999999,0.4146656,0.3549,0.5858,0.6627,0.3987360000610351
pkustk14,151927,7494215,0.8607808,1.0352352,0.7849216,0.7235,1.2346,1000000000.0,0.602188766002655
pli,22696,686502,0.1095552,0.1182112,0.081312,0.0657,0.1189,0.1239,0.1124863997101783
PR02R,161071,8185136,0.6134816,0.6054592000000001,0.5682528,0.7559,1.4234,1000000000.0,0.6227999925613403
Pres_Poisson,14823,365313,0.0514464,0.0643456,0.0397152,0.0395,0.0749,0.0714,0.092239998281002
pwtk,217919,5926171,0.8315648,0.8312832,0.7272736,0.5831,0.9407,1000000000.0,0.6302112340927124
qa8fk,66128,863353,0.2100128,0.1464896,0.0835712,0.112,0.175,0.189,0.207795187830925
qa8fm,66128,863353,0.2096032,0.1472928,0.0840352,0.1125,0.1749,0.1892,0.2129663974046707
raefsky3,21201,1488768,0.0786784,0.118608,0.06712,0.1352,0.253,0.1187,0.1117023974657058
raefsky4,19780,674195,0.0818144,0.1080127999999999,0.0663456,0.0636,0.1247,0.1056,0.1002271994948387
rajat15,37262,443573,0.16232,0.0676096,0.05128,0.0582,0.1211,1.2313,0.1553760021924972
rajat22,39900,197264,0.1902944,0.0597824,0.0477439999999999,0.0473,0.0863,2.4903,0.1410304009914398
rajat26,51033,249302,0.2077568,0.0776576,0.0575968,0.0742,0.1096,2.5015,0.1911936104297638
ramage02,16831,1441591,0.1576672,0.2148416,0.1436064,0.1369,0.2375,0.205,0.1129536032676696
Reuters911,13333,148038,0.0943904,0.0442431999999999,0.0385856,0.0243,0.051,0.694,0.1321248114109039
rgg_n_2_15_s0,32769,160240,0.0638112,0.0577856,0.0293504,0.0268,0.0562,0.0793,0.1147487983107566
rgg_n_2_22_s0,4194305,30359198,16.4816605,6.0676735,4.3699104,5.5497,9.1623,1000000000.0,12.073720932006836
ri2010,25182,62875,0.0366656,0.0363552,0.0186784,0.0205,0.0365,0.0548,0.1468832045793533
rim,22561,1014951,0.0864192,0.0883904,0.0612576,0.0934,0.1828,0.1332,0.1098592057824134
RM07R,381690,37464962,2.3112032,2.7568192,1.9470144,3.6166,5.8041,1000000000.0,2.118560075759888
rma10,46836,2374001,0.1847328,0.1874944,0.1452384,0.2271,0.393,0.2731,0.1901407986879348
roadNet-CA,1971282,2766607,3.6539806,1.9517857,1.3301568,1.848,2.763,1000000000.0,4.0601091384887695
roadNet-PA,1090921,1541898,2.0245632,1.0792896,0.7392608,1.0049,1.5294,1000000000.0,2.253526210784912
roadNet-TX,1393384,1921660,2.5651648,1.3668,0.9366336,1.2771,1.9196,1000000000.0,2.881251096725464
s3dkq4m2,90450,2455670,0.35008,0.3576352,0.3007264,0.246,0.3911,0.2011,0.2526783943176269
s3dkt3m2,90450,1921955,0.2876256,0.2960128,0.2905343999999999,0.2145,0.3301,0.177,0.2470112144947052
s4dkt3m2,90450,1921955,0.287392,0.2955712,0.2904448,0.214,0.3303,0.177,0.2483776062726974
Serena,1391350,32961525,7.1133667,4.8776798,5.1278145,3.667,5.692,1000000000.0,4.124079704284668
shermanACb,18511,145149,0.3188896,0.036384,0.033696,0.0246,0.0548,6.2937,0.1069919914007186
ship_001,34921,2339575,0.2438527999999999,0.3453183999999999,0.2164544,0.2187,0.3844,0.2901,0.169484794139862
ship_003,121729,4103881,0.5717247999999999,0.5970624,0.4756992,0.4192,0.6972,0.4576,0.4581247866153717
shipsec1,140875,3977139,0.557536,0.5871264,0.4933215999999999,0.4197,0.6742,0.4946,0.4739967882633209
shipsec5,179861,5146478,0.741392,0.7446303999999999,0.6297696,0.5374,0.8615,1000000000.0,0.5471135973930359
shipsec8,114920,3384159,0.4801984,0.498784,0.4166687999999999,0.353,0.579,0.3924,0.4170080125331878
Si10H16,17078,446500,0.066464,0.079344,0.055488,0.0478,0.085,0.1921,0.1036255955696106
Si34H36,97570,2626974,0.4034207999999999,0.407088,0.3805152,0.3023,0.4543,0.7565,0.4715231955051422
Si41Ge41H72,185640,7598452,1.0785792,1.1304064,0.9801696,0.7997,1.2486,1000000000.0,0.931824028491974
Si5H12,19897,379247,0.066048,0.0746752,0.0523136,0.0441,0.0727,0.1996,0.1110303997993469
Si87H76,240370,5451000,0.9927552,0.8667935999999999,0.8422912,0.6319,0.9458,1000000000.0,1.0161055326461792
sinc15,11533,568526,0.0449216,0.0626624,0.034432,0.0613,0.099,0.3828,0.1266144067049026
SiO,33402,675528,0.1221695999999999,0.1194304,0.0978624,0.0748,0.1275,0.3792,0.1520223915576934
SiO2,155332,5719417,0.7853184,0.8620288,0.7172031999999999,0.5963,0.9638,1000000000.0,0.7146655917167664
skirt,12599,104559,0.0294719999999999,0.034144,0.016752,0.0163,0.031,0.0343,0.0883712023496627
smallworld,100001,499998,0.2608575999999999,0.1583968,0.0924832,0.1255,0.1937,0.1382,0.262012779712677
sme3Dc,42931,3148656,0.2615775999999999,0.2781632,0.2343744,0.324,0.5398,2.4512,0.6507232189178467
smt,25711,1889447,0.2039616,0.2672928,0.1754624,0.1741,0.3103,0.2489,0.1239040046930313
soc-LiveJournal1,4847572,68993773,21.1112228,14.1976135,12.8471359,14.7775,20.1117,1000000000.0,22.35063934326172
soc-sign-Slashdot090221,82145,549202,0.1454752,0.1110719999999999,0.0711808,0.0958,0.1535,0.5406,0.2570080161094665
sparsine,50001,799494,0.1897312,0.1715808,0.1338432,0.1084,0.1816,0.4424,0.2916768193244934
srb1,54925,1508538,0.2150304,0.2366304,0.18256,0.1558,0.2673,0.3926,0.1920928061008453
Stanford,281904,2312497,2.36952,0.6021791999999999,0.372064,0.5175,0.9017,118.7701,1.029407978057861
std1_Jac2,21983,1248731,0.1034432,0.1095712,0.0870944,0.1305,0.2149,1.2505,0.1512672007083892
std1_Jac3,21983,1455848,0.1161344,0.1219616,0.1012383999999999,0.1431,0.2462,1.6012,0.1703200042247772
stokes128,49667,295938,0.1143872,0.0944608,0.0450592,0.0507,0.0964,0.0882,0.158022403717041
stokes64,12547,74242,0.0240992,0.0334304,0.012624,0.0146,0.0245,0.0272,0.0837408006191253
struct3,53571,613632,0.156032,0.1191359999999999,0.0661344,0.0764,0.1433,0.1002,0.1875136047601699
t2dah,11446,93781,0.0288576,0.0334144,0.0178656,0.0151,0.0261,0.0249,0.0868480056524276
t2dah_a,11446,93781,0.028752,0.033248,0.0177824,0.0148,0.0261,0.0247,0.0862656012177467
t2dah_e,11446,93781,0.0286688,0.0328928,0.0176224,0.0148,0.0259,0.0246,0.0867168009281158
t3dh,79172,2215638,0.3531712,0.343664,0.3035232,0.2396,0.3933,0.3738,0.3488640189170837
t3dh_a,79172,2215638,0.3532768,0.3431871999999999,0.3034656,0.2398,0.3937,0.377,0.3452896177768707
t3dh_e,79172,2215638,0.3541151999999999,0.3421504,0.3034176,0.2398,0.3933,0.3769,0.3457472026348114
t3dl,20361,265113,0.0527392,0.0563455999999999,0.0285792,0.0355,0.0549,0.0814,0.104358397424221
t3dl_a,20361,265113,0.0528352,0.0566143999999999,0.028544,0.0354,0.0548,0.0812,0.1040704026818275
tandem_vtx,18455,135902,0.0399488,0.0398272,0.0206912,0.0235,0.0403,0.0626,0.1050911992788314
ted_A,10606,424587,0.0355232,0.0492544,0.0257632,0.0432,0.0834,0.0598,0.1147871986031532
ted_AB,10606,522387,0.0391936,0.058096,0.0323648,0.0534,0.0974,0.0947,0.1042368039488792
ted_AB_unscaled,10606,522387,0.0396096,0.0553343999999999,0.03064,0.0535,0.098,0.0948,0.10120639950037
ted_A_unscaled,10606,424587,0.0360992,0.0486848,0.025792,0.0434,0.083,0.0599,0.1143295988440513
ted_B_unscaled,10606,77592,0.0229984,0.0325504,0.0129728,0.0212,0.0279,0.0204,0.1148192062973976
thread,29737,2249892,0.2432704,0.3250656,0.2105535999999999,0.2141,0.3688,0.3627,0.1550047993659973
tmt_sym,726714,2903837,1.7399967,0.7552608000000001,0.524832,0.7892,1.2329,0.8819,1.6600000858306885
torso1,116159,8516500,0.5848352,0.6532832,0.3782112,0.8244,1.4899,1000000000.0,0.4413055777549743
transient,178867,961790,3.1362593,0.2720736,0.191664,0.254,0.4081,716.6966,0.633564829826355
trdheim,22099,978711,0.11208,0.1482496,0.0905888,0.0857,0.17,0.0991,0.1038400083780288
Trefethen_20000,20001,287233,0.05704,0.0632448,0.037344,0.0358,0.0578,0.1161,0.1049216017127037
Trefethen_20000b,20000,287217,0.0575488,0.0636704,0.0376767999999999,0.0357,0.058,0.1148,0.1044224053621292
troll,213454,6099282,0.8826655999999999,0.859456,0.76632,0.6152,1.0096,1000000000.0,0.5978720188140869
TSOPF_FS_b162_c1,10799,305732,0.2247264,0.0611071999999999,0.0460608,0.0319,0.0648,0.0541,0.079584002494812
TSOPF_FS_b162_c3,30799,904612,0.708352,0.1525312,0.0878304,0.0804,0.1622,0.1067,0.1113216057419776
TSOPF_FS_b162_c4,40799,1204322,0.9383424,0.2015327999999999,0.1245759999999999,0.1055,0.2102,0.1427,0.1175616011023521
TSOPF_FS_b300,29215,2203949,0.735904,0.3050496,0.1776095999999999,0.195,0.35,0.2405,0.1155840009450912
TSOPF_FS_b300_c1,29215,2203949,0.7152288,0.3054592,0.1773887999999999,0.1952,0.35,0.2417,0.1149087995290756
TSOPF_FS_b300_c2,56815,4391071,1.442208,0.6554848,0.3980704,0.3865,0.6899,0.3852,0.1819103956222534
TSOPF_FS_b300_c3,84415,6578753,2.2024609,1.0407072,0.6208736,0.574,1.0312,1000000000.0,0.3037824034690857
TSOPF_FS_b39_c19,76217,998359,1.9277472,0.2179743999999999,0.1689088,0.1087,0.2068,0.1334,0.1770175993442535
TSOPF_FS_b39_c30,120217,1575639,3.1190241,0.3796992,0.2744575999999999,0.1876,0.334,0.203,0.2346111983060836
TSOPF_FS_b39_c7,28217,368599,0.6154368,0.0778336,0.060592,0.0403,0.0785,0.0543,0.1009567975997924
TSOPF_FS_b9_c6,14455,75801,0.2544544,0.0325984,0.0326944,0.0148,0.0255,0.0207,0.0963039994239807
TSOPF_RS_b162_c3,15375,610299,0.0437536,0.0572192,0.0307456,0.0569,0.1151,0.0805,0.0898271948099136
TSOPF_RS_b162_c4,20375,812749,0.0554528,0.0708064,0.0407872,0.0722,0.1483,0.0975,0.102400004863739
TSOPF_RS_b2052_c1,25627,6761100,0.2990016,0.3964704,0.3608448,0.6077,1.0456,1000000000.0,0.1798783987760543
TSOPF_RS_b2383,38121,16171169,0.6695936,0.94992,0.6188416,1.4405,2.483,1000000000.0,0.351142406463623
TSOPF_RS_b2383_c1,38121,16171169,0.6718208,0.9505152,0.6187872,1.4402,2.483,1000000000.0,0.3510879874229431
TSOPF_RS_b300_c1,14539,1474325,0.070992,0.1041216,0.0596128,0.1404,0.2396,0.175,0.1007104068994522
TSOPF_RS_b300_c2,28339,2943887,0.1612511999999999,0.192272,0.1211904,0.2713,0.4694,0.2898,0.1486847996711731
TSOPF_RS_b300_c3,42139,4413449,0.2387552,0.2944384,0.1855488,0.4018,0.7033,0.4278,0.1863999962806701
TSOPF_RS_b39_c19,38099,684206,0.0785344,0.0773536,0.0522976,0.0772,0.136,0.0959,0.1477120071649551
TSOPF_RS_b39_c30,60099,1079986,0.1364032,0.1329504,0.094368,0.1373,0.2203,0.1484,0.1936895996332168
TSOPF_RS_b39_c7,14099,252446,0.027648,0.0369792,0.0191935999999999,0.0314,0.0536,0.0399,0.0802752003073692
TSOPF_RS_b678_c1,18697,4396289,0.2010816,0.2588191999999999,0.1818816,0.4363,0.6786,1.1327,0.148745596408844
TSOPF_RS_b678_c2,35697,8781949,0.376976,0.5098688,0.337728,0.8077,1.3413,1000000000.0,0.2928767800331116
tsyl201,20686,1237821,0.1319712,0.192528,0.1108672,0.1129,0.2089,0.2706,0.1176992058753967
tube1,21499,459277,0.0662591999999999,0.079232,0.050832,0.0449,0.0838,0.0556,0.1017887964844703
tube2,21499,459277,0.066064,0.0801728,0.0503968,0.0466,0.0884,0.0618,0.1112928017973899
turon_m,189925,912345,0.4443264,0.2763904,0.1847808,0.2335,0.3628,0.2755,0.447708785533905
usroads,129165,165435,0.2324096,0.1514688,0.0917888,0.1295,0.2028,0.1139,0.3096800148487091
usroads-48,126147,161950,0.227296,0.149376,0.0898464,0.1277,0.1967,0.1127,0.3093888163566589
vanbody,47073,1191985,0.182704,0.1834016,0.1515456,0.1238,0.2182,0.1591,0.1716895997524261
venturiLevel3,4026820,8054237,7.2705315,4.6433186,3.2219486,4.2633,6.2963,1000000000.0,8.202051162719727
vibrobox,12329,177578,0.0393952,0.0470368,0.0221664,0.0244,0.0468,0.1008,0.0915903970599174
viscorocks,37763,1162244,0.1166431999999999,0.1034496,0.0662432,0.1126,0.2003,0.141,0.1405920088291168
vsp_barth5_1Ksep_50in_5Kout,32213,101805,0.0553408,0.0484864,0.0240896,0.023,0.0433,0.0696,0.1722591966390609
vsp_bcsstk30_500sep_10in_1Kout,58349,2016578,0.3464128,0.3787712,0.341616,0.2355,0.3825,1.3105,0.5417727828025818
vsp_befref_fxm_2_4_air02,14110,98224,0.0734112,0.0365664,0.0332224,0.0197,0.0291,0.0662,0.1407008022069931
vsp_bump2_e18_aa01_model1_crew1,56439,300801,0.1264224,0.0965472,0.0581728,0.0465,0.0981,0.1223,0.2220639884471893
vsp_c-30_data_data,11024,62184,0.0863168,0.0314527999999999,0.0312576,0.0136,0.0208,0.0206,0.0957951992750167
vsp_c-60_data_cti_cs4,85831,241080,0.1813632,0.1103615999999999,0.0770592,0.0706,0.114,0.8081,0.2066080123186111
vsp_finan512_scagr7-2c_rlfddd,139753,552020,0.3132575999999999,0.1937376,0.1392384,0.1399,0.2418,0.1883,0.3340384066104889
vsp_mod2_pgp2_slptsk,101365,389368,0.243056,0.1520992,0.0936448,0.0874,0.1658,0.3329,0.268828809261322
vsp_model1_crew1_cr42_south31,45102,189976,0.8744544,0.0736544,0.0539168,0.0298,0.0598,0.0829,0.1489824056625366
vsp_msc10848_300sep_100in_1Kout,21997,1221028,0.1746528,0.2117216,0.1877696,0.1235,0.2169,1.1076,0.3217343986034393
vsp_p0291_seymourl_iiasa,10499,53868,0.0257471999999999,0.0297152,0.0162624,0.0177,0.0244,0.2702,0.1117440015077591
vsp_sctap1-2b_and_seymourl,40175,140831,0.1298976,0.0617504,0.0500032,0.0284,0.057,0.5247,0.1879456043243408
vsp_south31_slptsk,39669,189914,0.8617248,0.0665472,0.0509503999999999,0.0281,0.0625,0.0982,0.1507104039192199
vsp_vibrobox_scagr7-2c_rlfddd,77329,435586,0.1716032,0.1278496,0.0881407999999999,0.0695,0.1471,0.1331,0.2377055883407592
vt2010,32581,77799,0.0514144,0.0476544,0.0243135999999999,0.0211,0.0444,0.0593,0.1506431996822357
wathen100,30402,251001,0.0706464,0.0594944,0.0327904,0.0354,0.0577,0.0584,0.1096287965774536
wathen120,36442,301101,0.088128,0.0695488,0.0395135999999999,0.0402,0.0815,0.0681,0.1325215995311737
web-Google,916429,5105039,1.9601408,1.48704,1.0453536,1.3994,2.0821,1000000000.0,2.6071135997772217
web-NotreDame,325730,1497134,0.5669344,0.5352544,0.2484576,0.2838,0.4318,2.876,0.621504008769989
wikipedia-20051105,1634990,19753078,4.8965569,3.5435711,2.9217249,3.7255,5.8303,1000000000.0,6.353951930999756
wikipedia-20060925,2983495,37269096,9.6697662,7.362249799999999,6.0814529,7.6388,11.6033,1000000000.0,12.321046829223633
wikipedia-20061104,3148441,39383235,10.2795135,7.8384705,6.485135699999999,8.1264,12.3146,1000000000.0,13.04906940460205
wikipedia-20070206,3566908,45030389,11.8108383,9.0873154,7.5318146,9.4061,14.1871,1000000000.0,14.976800918579102
wiki-Talk,2394386,5021410,7.4160866,2.2880833,1.653904,1.508,1.5621,1000000000.0,2.815190315246582
windscreen,22693,752541,0.09024,0.1246143999999999,0.07696,0.0682,0.1326,0.1002,0.1101887971162796
wing_nodal,10938,75488,0.0279648,0.0375808,0.0159552,0.0176,0.0283,0.0599,0.1199552044272422
wy2010,86205,213793,0.1717248,0.1132671999999999,0.06952,0.0764,0.1382,0.1496,0.2700383961200714
x104,108385,5138004,0.5964416,0.7326623999999999,0.5262176000000001,0.4849,0.8466,1000000000.0,0.4235199987888336
Zd_Jac2,22836,1642833,0.1159616,0.1316352,0.1110911999999999,0.1581,0.2751,1.3776,0.1629855930805206
Zd_Jac3,22836,1916152,0.1310336,0.1476928,0.1249247999999999,0.1854,0.3166,1.8757,0.1810047924518585
Zd_Jac6,22836,1711983,0.1212128,0.136768,0.1135424,0.1637,0.2852,1.7602,0.1593376100063324
GitHub,37700,615706,0.471805,0.08256,0.067168,0.0754,0.1623,6.0734,0.2502143979072571
artist,50515,1638396,0.189309,0.167699,0.135424,0.1939,0.3334,1.3451,0.4299424290657043
ell,203769,672479,0.399469,0.215664,0.14887,0.2217,0.3714,0.3779,0.6159999966621399
amazon,403394,9068096,1.65032,1.23464,0.935136,1.3186,1.9955,166.903,2.1664512157440186
amazon0505,410236,4878874,1.395712,0.969386,0.67215,0.9114,1.3385,2.812,1.5843520164489746
dd,334925,1686092,0.73351,0.334003,0.241504,0.3737,0.6297,0.5147,0.8172320127487183
yelp,716847,13954819,2.77312,2.95608,2.180182,2.7314,3.9792,11.2099,4.514425754547119
comamazon,334863,1851744,0.784902,0.645699,0.43383,0.5884,0.8603,1.0641,1.059353590011597
IGB_small,1000000,13068130,4.236003,4.154365,3.357997,3.9207,4.9448,6.4573,5.340864181518555
AmazonProducts,1569960,264339468,21.587055,36.882103,23.929201,35.1856,65.6582,1000000000.0,66.31324005126953
ogb,2449029,126167053,30.531475,33.915565,30.527487,32.3533,40.984,80.5003,41.74750518798828
reddit,232965,114848857,8.743978,9.466246,8.26671,12.9507,20.0252,1000000000.0,13.61565399169922
