dataSet,rows_,columns_,nonzeros_,sputnik,Sputnik_gflops,rode,ours_gflops
windscreen, 22693, 22693, 752541, 2.689606, 71.627763, 0.047114,4089.063338
mario002, 389875, 389875, 1167685, 0.000211, 1415375.746521, 0.268058,1115.160885
af_3_k101, 503626, 503626, 9027150, 1000000.000000, 0.002311, 0.408573,5656.153089
TSOPF_RS_b2383, 38121, 38121, 16171169, 1000000.000000, 0.004140, 0.943309,4388.614981
lowThrust_9, 18045, 18045, 114806, 1.669219, 17.607236, 0.012861,2285.264933
c-64b, 51036, 51036, 384438, 13.241226, 7.432554, 0.034909,2819.235387
soc-sign-Slashdot090221, 82145, 82145, 549202, 34.215340, 4.109142, 0.056288,2497.792018
ted_A, 10606, 10606, 424587, 0.600272, 181.075036, 0.034909,3113.663830
mark3jac060sc, 27450, 27450, 170695, 3.848685, 11.353988, 0.022349,1955.269160
m14b, 214766, 214766, 1679018, 0.000288, 1492460.421819, 0.177923,2415.809753
EAT_RS, 23220, 23220, 325592, 2.764358, 30.152224, 0.028800,2894.151236
vsp_mod2_pgp2_slptsk, 101365, 101365, 389368, 52.088715, 1.913624, 0.052102,1913.121280
ins2, 309413, 309413, 1530448, 0.000211, 1855088.470359, 0.353526,1108.247323
af_shell4, 504856, 504856, 9046865, 1000000.000000, 0.002316, 0.411958,5621.920546
debr, 1048577, 1048577, 2097149, 0.000214, 2504058.475544, 0.707120,759.234857
smallworld, 100001, 100001, 499998, 50.788319, 2.520255, 0.051053,2507.198057
lowThrust_10, 18261, 18261, 116074, 1.711239, 17.364584, 0.013696,2169.607480
igbt3, 10939, 10939, 234006, 0.624608, 95.909013, 0.022669,2642.642603
Ga10As10H30, 113082, 113082, 3114357, 0.000253, 3153779.334701, 0.185395,4300.409991
ca-AstroPh, 18773, 18773, 198110, 1.807270, 28.062297, 0.023792,2131.647602
af_4_k101, 503626, 503626, 9027150, 1000000.000000, 0.002311, 0.408109,5662.584004
TSOPF_FS_b300_c1, 29215, 29215, 2203949, 0.000218, 2592881.130998, 0.124531,4530.679501
vanbody, 47073, 47073, 1191985, 0.000285, 1071447.178661, 0.065066,4689.854041
p2p-Gnutella31, 62587, 62587, 147892, 19.849417, 1.907379, 0.031984,1183.727812
BenElechi1, 245875, 245875, 6698185, 1000000.000000, 0.001715, 0.334656,5123.874544
dc3, 116836, 116836, 766396, 69.218185, 2.834477, 0.074074,2648.681500
rajat15, 37262, 37262, 443573, 7.084502, 16.028605, 0.032205,3526.017396
Flan_1565, 1564795, 1564795, 59485419, 1000000.000000, 0.015228, 3.578243,4255.794304
vsp_south31_slptsk, 39669, 39669, 189914, 8.005343, 6.073191, 0.021840,2226.098153
delaunay_n19, 524289, 524289, 1572823, 0.000218, 1850379.967549, 0.224614,1792.595123
sparsine, 50001, 50001, 799494, 12.749030, 16.053806, 0.067398,3036.725897
c-64, 51036, 51036, 384438, 13.235066, 7.436013, 0.030522,3224.474581
bcsstk25, 15440, 15440, 133840, 1.229907, 27.858231, 0.014006,2446.241699
bundle_adj, 513352, 513352, 10360701, 1000000.000000, 0.002652, 0.510982,5190.666767
gyro_m, 17362, 17362, 178896, 1.550560, 29.536023, 0.018138,2524.996537
bcsstk35, 30238, 30238, 740200, 4.693210, 40.375611, 0.038109,4972.373983
case39, 40217, 40217, 526139, 8.236269, 16.353471, 0.043130,3122.950058
bcsstk31, 35589, 35589, 608502, 6.479904, 24.039941, 0.035898,4339.468632
Chebyshev4, 68122, 68122, 5377761, 1000000.000000, 0.001377, 0.387914,3549.003659
kron_g500-logn19, 524289, 524289, 21781478, 1000000.000000, 0.005576, 2.161923,2579.212029
enron, 69245, 69245, 276143, 24.276531, 2.911973, 0.036650,1928.878041
af_shell8, 504856, 504856, 9046865, 1000000.000000, 0.002316, 0.411942,5622.139200
rma10, 46836, 46836, 2374001, 0.000208, 2921847.376661, 0.143830,4225.422986
PR02R, 161071, 161071, 8185136, 1000000.000000, 0.002095, 0.531654,3941.272364
ecology1, 1000001, 1000001, 2998000, 0.000208, 3689846.143801, 0.369363,2077.868135
pkustk07, 16861, 16861, 1217832, 0.000211, 1476159.988471, 0.077104,4043.434620
c-58, 37596, 37596, 295076, 7.194441, 10.499697, 0.031459,2401.188049
smt, 25711, 25711, 1889447, 0.000234, 2070626.767476, 0.109408,4421.051885
as-Skitter, 1696416, 1696416, 11095298, 1000000.000000, 0.002840, 1.312083,2164.798842
TSOPF_RS_b678_c2, 35697, 35697, 8781949, 1000000.000000, 0.002248, 0.619722,3627.724016
HV15R, 2017170, 2017170, 283073458, 1000000.000000, 0.072467, 17.170425,4220.443204
li, 22696, 22696, 1350309, 0.000211, 1636738.169035, 0.085645,4036.194914
Trefethen_20000b, 20000, 20000, 287217, 2.054982, 35.780138, 0.024899,2953.008658
belgium_osm, 1441296, 1441296, 1549970, 0.000218, 1823494.085667, 0.488336,812.539578
pcrystk03, 24697, 24697, 887937, 3.167891, 71.754951, 0.054320,4184.680878
TSOPF_RS_b2383_c1, 38121, 38121, 16171169, 1000000.000000, 0.004140, 0.941382,4397.595736
net150, 43521, 43521, 1582360, 0.000221, 1834620.249145, 0.115347,3511.868331
ASIC_680k, 682863, 682863, 3871773, 0.000253, 3920782.901913, 0.614429,1613.163116
Long_Coup_dt6, 1470153, 1470153, 44279572, 1000000.000000, 0.011336, 2.809830,4034.254213
c-53, 30236, 30236, 201224, 4.659949, 11.054487, 0.021443,2402.316060
TSOPF_FS_b39_c7, 28217, 28217, 368599, 4.066560, 23.204218, 0.023597,3998.904364
barrier2-1, 113077, 113077, 3805068, 0.000243, 4005334.914717, 0.310214,3140.077982
crystk03, 24697, 24697, 887937, 3.166762, 71.780545, 0.053878,4218.979416
conf6_0-8x8-20, 49153, 49153, 1916928, 0.000205, 2396160.006050, 0.128406,3821.721870
Pres_Poisson, 14823, 14823, 365313, 1.147610, 81.491238, 0.022736,4113.306208
lhr34, 35153, 35153, 764014, 6.319593, 30.949394, 0.054438,3592.823871
crystk02, 13966, 13966, 491274, 1.033376, 121.704143, 0.038186,3293.549030
TSOPF_RS_b39_c19, 38099, 38099, 684206, 7.400973, 23.666718, 0.052765,3319.575650
bmwcra_1, 148771, 148771, 5396386, 1000000.000000, 0.001381, 0.319808,4319.700535
pwtk, 217919, 217919, 5926171, 1000000.000000, 0.001517, 0.305379,4967.921116
HTC_336_4438, 226341, 226341, 565431, 259.329651, 0.558171, 0.130013,1113.354515
G3_circuit, 1585479, 1585479, 4623152, 0.000218, 5439002.257554, 0.658704,1796.750773
Ge87H76, 112986, 112986, 4002590, 0.000301, 3406459.475951, 0.240547,4259.717107
boneS01, 127225, 127225, 3421188, 0.000218, 4024926.988236, 0.217654,4023.921169
hugetric-00000, 5824555, 5824555, 8733523, 1000000.000000, 0.002236, 2.692502,830.373219
bmw3_2, 227363, 227363, 5757996, 1000000.000000, 0.001474, 0.348797,4226.090920
ct2010, 67579, 67579, 168176, 23.165091, 1.858532, 0.033155,1298.531034
fcondp2, 201823, 201823, 5748069, 1000000.000000, 0.001472, 0.347133,4239.027990
ljournal-2008, 5363261, 5363261, 79023142, 1000000.000000, 0.020230, 9.965629,2029.969682
boyd2, 466317, 466317, 890091, 1099.845459, 0.207178, 0.252214,903.450750
cage14, 1505786, 1505786, 27130349, 1000000.000000, 0.006945, 2.430650,2857.412866
pcrystk02, 13966, 13966, 491274, 1.033290, 121.714320, 0.038054,3304.904078
torso1, 116159, 116159, 8516500, 1000000.000000, 0.002180, 0.558083,3906.628973
std1_Jac3, 21983, 21983, 1455848, 0.000227, 1640392.061658, 0.100986,3690.596415
net125, 36721, 36721, 1306960, 0.000240, 1394090.600451, 0.088195,3793.650501
sme3Dc, 42931, 42931, 3148656, 0.000221, 3650615.571168, 0.256381,3143.979374
NACA0015, 1039184, 1039184, 3114818, 0.000211, 3775536.940208, 0.831750,958.693155
dielFilterV2real, 1157457, 1157457, 24848204, 1000000.000000, 0.006361, 1.572502,4045.233975
vsp_barth5_1Ksep_50in_5Kout, 32213, 32213, 101805, 5.283254, 4.932960, 0.017610,1479.992670
nd6k, 18001, 18001, 3457658, 0.000253, 3501425.927362, 0.208022,4255.120757
tandem_vtx, 18455, 18455, 135902, 1.747027, 19.914350, 0.015357,2265.505319
TSOPF_FS_b300_c2, 56815, 56815, 4391071, 0.000240, 4683808.844198, 0.289190,3887.107356
me2010, 69519, 69519, 167738, 24.506840, 1.752202, 0.035597,1206.314281
Reuters911, 13333, 13333, 148038, 0.914454, 41.442995, 0.020486,1849.896950
Si41Ge41H72, 185640, 185640, 7598452, 1000000.000000, 0.001945, 0.451523,4308.092419
conf5_4-8x8-15, 49153, 49153, 1916928, 0.000237, 2072354.504314, 0.128390,3822.198425
gsm_106857, 589447, 589447, 11174185, 1000000.000000, 0.002861, 1.675104,1707.709757
gupta2, 62065, 62065, 2155175, 0.000192, 2873566.739259, 0.118413,4659.333945
cfd1, 70657, 70657, 949510, 25.388899, 9.574049, 0.059510,4084.572924
conf6_0-8x8-30, 49153, 49153, 1916928, 0.000170, 2893476.239927, 0.128211,3827.540551
rajat22, 39900, 39900, 197264, 8.094625, 6.238657, 0.024762,2039.431435
memplus, 17759, 17759, 126150, 1.615434, 19.991164, 0.020448,1579.342667
roadNet-TX, 1393384, 1393384, 3843312, 0.000221, 4456013.814166, 0.525651,1871.750395
ted_AB, 10606, 10606, 522387, 0.603971, 221.419619, 0.038739,3452.086442
cyl6, 13682, 13682, 363961, 0.977971, 95.272763, 0.022442,4151.843670
ohne2, 181344, 181344, 11063545, 1000000.000000, 0.002832, 0.779200,3634.840332
mario001, 38435, 38435, 114643, 7.525622, 3.899825, 0.019984,1468.605326
ca-HepPh, 12009, 12009, 118521, 0.744320, 40.763886, 0.020090,1510.302682
halfb, 224618, 224618, 6306219, 1000000.000000, 0.001614, 0.384963,4193.626959
kron_g500-logn17, 131073, 131073, 5114375, 1000000.000000, 0.001309, 0.390022,3356.935422
pkustk05, 37165, 37165, 1121154, 0.000230, 1245726.622604, 0.067814,4232.367067
Hook_1498, 1498024, 1498024, 31207734, 1000000.000000, 0.007989, 1.659002,4815.655505
bcsstk29, 13993, 13993, 316740, 1.022141, 79.329033, 0.021578,3757.852650
lowThrust_11, 18369, 18369, 117002, 1.732122, 17.292384, 0.013040,2296.971744
crplat2, 18011, 18011, 489478, 1.684922, 74.369255, 0.026653,4701.433363
rgg_n_2_22_s0, 4194305, 4194305, 30359198, 1000000.000000, 0.007772, 2.419402,3212.345915
circuit5M, 5558327, 5558327, 59524291, 1000000.000000, 0.015238, 9.164925,1662.667084
italy_osm, 6686494, 6686494, 7013978, 1000000.000000, 0.001796, 2.187923,820.677040
pkustk11, 87805, 87805, 2652858, 0.000243, 2792482.229276, 0.171872,3951.380470
a5esindl, 60009, 60009, 145004, 18.277168, 2.031005, 0.029946,1239.615301
soc-LiveJournal1, 4847572, 4847572, 68993773, 1000000.000000, 0.017662, 13.290416,1328.958096
pattern1, 19243, 19243, 4671337, 0.000202, 5931856.555026, 0.315725,3787.672886
human_gene1, 22284, 22284, 12345963, 1000000.000000, 0.003161, 0.849942,3718.565558
TSOPF_RS_b39_c30, 60099, 60099, 1079986, 0.000275, 1004638.139415, 0.088022,3140.977970
pkustk13, 94894, 94894, 3355860, 0.000250, 3441907.811364, 0.211750,4057.136176
Si10H16, 17078, 17078, 446500, 1.510074, 75.694325, 0.026861,4255.420477
qa8fk, 66128, 66128, 863353, 22.231197, 9.941812, 0.053072,4164.500488
lhr34c, 35153, 35153, 764014, 6.324676, 30.924525, 0.058592,3338.127934
stokes128, 49667, 49667, 295938, 12.544611, 6.039257, 0.026634,2844.532084
tube1, 21499, 21499, 459277, 2.382643, 49.346421, 0.027469,4280.307464
Emilia_923, 923137, 923137, 20964171, 1000000.000000, 0.005367, 1.055347,5085.367164
barrier2-12, 115626, 115626, 3897557, 0.000307, 3247964.051783, 0.318211,3135.573477
c-55, 32781, 32781, 218115, 5.478896, 10.191367, 0.022227,2512.122155
rgg_n_2_15_s0, 32769, 32769, 160240, 5.477670, 7.488848, 0.020419,2008.964135
af_5_k101, 503626, 503626, 9027150, 1000000.000000, 0.002311, 0.407232,5674.776071
af_2_k101, 503626, 503626, 9027150, 1000000.000000, 0.002311, 0.407878,5665.782758
gupta1, 31803, 31803, 1098006, 0.000259, 1084450.392895, 0.055683,5048.013192
onetone2, 36058, 36058, 227628, 6.627030, 8.793195, 0.023770,2451.566973
wiki-Talk, 2394386, 2394386, 5021410, 1000000.000000, 0.001285, 1.679344,765.466141
PFlow_742, 742794, 742794, 18940627, 1000000.000000, 0.004849, 1.157242,4189.963776
ak2010, 45293, 45293, 108549, 10.418867, 2.667137, 0.026467,1049.923786
af_1_k101, 503626, 503626, 9027150, 1000000.000000, 0.002311, 0.407408,5672.324563
lowThrust_7, 17379, 17379, 110607, 1.551443, 18.251001, 0.012634,2241.276713
gyro, 17362, 17362, 519260, 1.573475, 84.482147, 0.028266,4702.909311
TSOPF_FS_b162_c4, 40799, 40799, 1204322, 0.000282, 1094838.173267, 0.075002,4110.664875
pkustk03, 63337, 63337, 1596876, 0.000320, 1277500.832272, 0.105341,3880.739900
m_t1, 97579, 97579, 4925574, 0.000346, 3648573.327182, 0.293683,4293.561787
barrier2-4, 113077, 113077, 3805068, 0.000253, 3853233.532807, 0.310163,3140.596212
shipsec5, 179861, 179861, 5146478, 1000000.000000, 0.001317, 0.292602,4502.703767
olafu, 16147, 16147, 515651, 1.368189, 96.482780, 0.038227,3453.212745
crystm03, 24697, 24697, 304233, 3.123728, 24.932916, 0.026781,2908.189853
s3dkt3m2, 90450, 90450, 1921955, 0.000304, 1618488.368970, 0.090390,5443.282347
vsp_bcsstk30_500sep_10in_1Kout, 58349, 58349, 2016578, 0.000285, 1812654.361129, 0.173680,2972.385889
wathen120, 36442, 36442, 301101, 6.770195, 11.385471, 0.023162,3328.002134
SiO2, 155332, 155332, 5719417, 1000000.000000, 0.001464, 0.342608,4273.603526
c-51, 23197, 23197, 113123, 2.749405, 10.533003, 0.021126,1370.772497
c-70, 68925, 68925, 363955, 24.114407, 3.863768, 0.037226,2502.914051
a0nsdsil, 80017, 80017, 200021, 32.462517, 1.577369, 0.036698,1395.333128
cage15, 5154860, 5154860, 99199551, 1000000.000000, 0.025395, 10.399779,2441.886872
largebasis, 440021, 440021, 5560100, 1000000.000000, 0.001423, 0.451786,3150.577535
pct20stif, 52330, 52330, 1375396, 0.000310, 1134347.257914, 0.083024,4240.958894
turon_m, 189925, 189925, 912345, 182.725235, 1.278205, 0.116224,2009.570436
c-66, 49990, 49990, 274498, 12.706269, 5.530458, 0.027008,2601.876776
in-2004, 1382909, 1382909, 16917053, 1000000.000000, 0.004331, 1.169811,3702.106580
usroads-48, 126147, 126147, 161950, 80.615219, 0.514285, 0.047898,865.579883
bcsstk39, 46773, 46773, 1068033, 0.000230, 1186703.291359, 0.058723,4656.020975
eu-2005, 862665, 862665, 19235140, 1000000.000000, 0.004924, 1.200435,4102.009003
gridgena, 48963, 48963, 280523, 12.196249, 5.888194, 0.024298,2955.596005
CO, 221120, 221120, 3943588, 0.000182, 5534860.243419, 0.243904,4139.163566
tube2, 21499, 21499, 459277, 2.385056, 49.296501, 0.027712,4242.743738
NLR, 4163764, 4163764, 12487976, 1000000.000000, 0.003197, 3.440470,929.210656
F2, 71506, 71506, 2682895, 0.000166, 4127530.815748, 0.177510,3869.187959
af_shell7, 504856, 504856, 9046865, 1000000.000000, 0.002316, 0.412765,5610.937534
bcsstk32, 44610, 44610, 1029655, 0.000186, 1420213.757716, 0.054787,4811.190875
cond-mat-2003, 31164, 31164, 120029, 4.947408, 6.210813, 0.021917,1402.003165
pli, 22696, 22696, 686502, 2.670006, 65.821758, 0.044922,3912.249537
ship_001, 34921, 34921, 2339575, 0.000179, 3342249.954157, 0.139152,4304.150784
k3plates, 11108, 11108, 378927, 0.653008, 148.551495, 0.023376,4149.782354
boyd1, 93280, 93280, 652246, 44.092319, 3.786940, 0.087600,1906.107060
mouse_gene, 45102, 45102, 14506196, 1000000.000000, 0.003714, 1.029226,3608.136105
usroads, 129165, 129165, 165435, 84.507797, 0.501153, 0.049027,863.833979
ckt11752_dc_1, 49703, 49703, 333029, 12.565869, 6.784682, 0.029971,2844.578240
ex11, 16615, 16615, 1096948, 0.000214, 1309788.640021, 0.059926,4686.059499
barrier2-10, 115626, 115626, 3897557, 0.000330, 3027228.782262, 0.317901,3138.635039
c-68, 64811, 64811, 315408, 21.334248, 3.784734, 0.034925,2311.951674
struct3, 53571, 53571, 613632, 14.614451, 10.748935, 0.042339,3710.268328
mark3jac040sc, 18290, 18290, 113435, 1.716045, 16.922262, 0.021443,1354.245628
AS365, 3799276, 3799276, 11368076, 1000000.000000, 0.002910, 3.124544,931.408711
opt1, 15450, 15450, 973052, 1.286246, 193.665314, 0.056365,4419.448280
lhr71, 70305, 70305, 1528092, 0.000224, 1746390.810499, 0.136387,2868.242308
roadNet-PA, 1090921, 1090921, 3083788, 0.000221, 3575406.297474, 0.418381,1886.916790
c-52, 23949, 23949, 113332, 2.930698, 9.899688, 0.020333,1426.905896
cit-Patents, 3774769, 3774769, 16518948, 1000000.000000, 0.004229, 4.715037,896.886046
c-47, 15344, 15344, 113372, 1.209693, 23.992234, 0.019584,1481.986920
dielFilterV2clx, 607233, 607233, 12958252, 1000000.000000, 0.003317, 0.808602,4102.530386
e40r0100, 17282, 17282, 553562, 1.560368, 90.819521, 0.043440,3262.243889
inline_1, 503713, 503713, 18660027, 1000000.000000, 0.004777, 1.205706,3961.967783
pkustk09, 33961, 33961, 808800, 5.922733, 34.958997, 0.044800,4621.714143
vsp_model1_crew1_cr42_south31, 45102, 45102, 189976, 10.344231, 4.701544, 0.023021,2112.604998
msc10848, 10849, 10849, 620313, 0.642502, 247.158808, 0.039946,3975.409813
barrier2-2, 113077, 113077, 3805068, 0.000246, 3953317.558501, 0.310128,3140.952820
vsp_finan512_scagr7-2c_rlfddd, 139753, 139753, 552020, 98.939308, 1.428321, 0.066160,2135.990347
TSOPF_RS_b300_c2, 28339, 28339, 2943887, 0.000250, 3019371.386492, 0.185930,4053.335706
language, 399131, 399131, 1216334, 0.000211, 1474344.230909, 0.231859,1342.976662
blockqp1, 60013, 60013, 340022, 18.287409, 4.759867, 0.031379,2773.991520
H2O, 67025, 67025, 1141880, 0.000214, 1363438.788591, 0.078093,3743.255129
Ga19As19H42, 133124, 133124, 4508981, 0.000214, 5383857.841822, 0.267184,4320.240570
helm3d01, 32227, 32227, 230335, 5.301616, 11.122224, 0.021498,2742.899701
c-73b, 169423, 169423, 724348, 145.342957, 1.275831, 0.091837,2019.158895
juba40k, 40338, 40338, 144945, 8.275302, 4.483935, 0.020400,1818.917681
vsp_c-60_data_cti_cs4, 85831, 85831, 241080, 37.337029, 1.652956, 0.037421,1649.256014
pkustk04, 55591, 55591, 2137125, 0.000170, 3225849.071668, 0.137658,3974.382970
laminar_duct3D, 67174, 67174, 3833077, 0.000278, 3524668.491617, 0.235341,4169.560361
Andrews, 60001, 60001, 410077, 18.307360, 5.734290, 0.044800,2343.297071
bcsstm36, 23053, 23053, 166389, 2.709565, 15.720452, 0.020550,2072.737463
pdb1HYS, 36418, 36418, 2190591, 0.000214, 2615631.011436, 0.130074,4311.338483
pkustk14, 151927, 151927, 7494215, 1000000.000000, 0.001919, 0.455974,4207.514917
Si87H76, 240370, 240370, 5451000, 1000000.000000, 0.001395, 0.326787,4270.228330
engine, 143572, 143572, 2424822, 0.000176, 3527013.790634, 0.177200,3503.128937
ecology2, 1000000, 1000000, 2997995, 0.000170, 4525275.492830, 0.369776,2075.544920
mip1, 66464, 66464, 5209641, 1000000.000000, 0.001334, 0.305203,4369.771020
nd24k, 72001, 72001, 14393817, 1000000.000000, 0.003685, 0.886035,4158.770819
Zd_Jac3, 22836, 22836, 1916152, 0.000173, 2838743.698918, 0.128976,3803.303827
c-67b, 57976, 57976, 294955, 17.071079, 4.423182, 0.031034,2433.120280
TSOPF_RS_b2052_c1, 25627, 25627, 6761100, 1000000.000000, 0.001731, 0.391373,4422.488227
delaunay_n18, 262145, 262145, 786396, 347.836914, 0.578769, 0.115203,1747.498098
gupta3, 16784, 16784, 4670105, 0.000214, 5576244.705041, 0.334400,3575.199892
GaAsH6, 61350, 61350, 1721579, 0.000221, 1996033.578897, 0.100995,4363.813787
dblp-2010, 326187, 326187, 807700, 538.339966, 0.384090, 0.132122,1565.006797
dawson5, 51538, 51538, 531157, 13.527127, 10.052112, 0.038944,3491.582580
Geo_1438, 1437961, 1437961, 32297325, 1000000.000000, 0.008268, 1.589565,5201.496157
tmt_sym, 726714, 726714, 2903837, 0.000218, 3416278.763616, 0.284426,2613.626522
cnr-2000, 325558, 325558, 3216152, 0.000208, 3958340.912301, 0.253629,3246.220084
delaunay_n16, 65537, 65537, 196575, 21.809721, 2.307375, 0.029283,1718.500786
kron_g500-logn18, 262145, 262145, 10583222, 1000000.000000, 0.002709, 0.889674,3045.279514
af_shell3, 504856, 504856, 9046865, 1000000.000000, 0.002316, 0.411709,5625.329188
lowThrust_8, 17703, 17703, 113139, 1.608736, 18.003938, 0.012771,2267.882799
Zd_Jac6, 22836, 22836, 1711983, 0.000317, 1383420.646092, 0.116026,3777.335669
Hamrle3, 1447361, 1447361, 5514242, 1000000.000000, 0.001412, 1.215645,1161.232220
Cube_Coup_dt0, 2164761, 2164761, 64685452, 1000000.000000, 0.016559, 4.030282,4108.764096
std1_Jac2, 21983, 21983, 1248731, 0.000176, 1816335.985814, 0.080611,3965.641740
crystm02, 13966, 13966, 168435, 1.011440, 42.631654, 0.015616,2761.229561
foldoc, 13357, 13357, 120238, 0.923658, 33.325041, 0.019965,1541.759953
bundle1, 10582, 10582, 390741, 0.590246, 169.471084, 0.021488,4655.142121
patents, 3774769, 3774769, 14970767, 1000000.000000, 0.003833, 4.398029,871.416809
ted_AB_unscaled, 10606, 10606, 522387, 0.604170, 221.346904, 0.038960,3432.522305
wathen100, 30402, 30402, 251001, 4.722409, 13.606668, 0.020717,3101.649706
c-62ghs, 41732, 41732, 300537, 8.866848, 8.676981, 0.027267,2821.612512
delaunay_n21, 2097153, 2097153, 6291408, 1000000.000000, 0.001611, 0.883395,1823.193580
mult_dcop_02, 25188, 25188, 193276, 3.243497, 15.254723, 0.024093,2053.669859
bcsstk36, 23053, 23053, 583096, 2.741194, 54.455321, 0.033226,4492.697823
333SP, 3712816, 3712816, 11108633, 1000000.000000, 0.002844, 2.426307,1172.073412
TSOPF_RS_b300_c1, 14539, 14539, 1474325, 0.000218, 1734499.969581, 0.088579,4260.900897
Long_Coup_dt0, 1470153, 1470153, 44279572, 1000000.000000, 0.011336, 2.809805,4034.291183
lp1, 534389, 534389, 1088904, 0.000256, 1088904.027508, 0.192272,1449.818125
denormal, 89401, 89401, 622812, 40.544418, 3.932474, 0.051366,3103.972047
c-56, 35911, 35911, 208405, 6.572196, 8.117787, 0.021971,2428.255125
wikipedia-20051105, 1634990, 1634990, 19753078, 1000000.000000, 0.005057, 3.152618,1603.996595
bcsstk30, 28925, 28925, 1036208, 0.000310, 854604.567287, 0.057482,4614.855072
astro-ph, 16707, 16707, 121251, 1.435021, 21.630526, 0.020502,1513.981553
conf5_4-8x8-10, 49153, 49153, 1916928, 0.000253, 1941192.969370, 0.128717,3812.505890
kron_g500-logn16, 65537, 65537, 2456398, 0.000326, 1926586.701593, 0.179584,3501.636445
af_shell9, 504856, 504856, 9046865, 1000000.000000, 0.002316, 0.412566,5613.635305
fullb, 199188, 199188, 5953632, 1000000.000000, 0.001524, 0.382026,3989.601205
c-big, 345242, 345242, 1343126, 0.000214, 1603732.516871, 0.199584,1722.784712
3dtube, 45331, 45331, 1629474, 0.000320, 1303579.232931, 0.096768,4310.777878
bcsstk37, 25504, 25504, 583240, 3.343597, 44.655338, 0.033021,4521.678409
pkustk08, 22210, 22210, 1624440, 0.000240, 1732735.917699, 0.097005,4286.969671
TSOPF_FS_b39_c19, 76217, 76217, 998359, 29.509686, 8.660882, 0.076749,3330.083377
af_shell5, 504856, 504856, 9046865, 1000000.000000, 0.002316, 0.413363,5602.814516
crankseg_1, 52805, 52805, 5333507, 1000000.000000, 0.001365, 0.324061,4213.338367
bbmat, 38745, 38745, 1771722, 0.000272, 1667503.065264, 0.100726,4502.899179
t3dh, 79172, 79172, 2215638, 0.000246, 2301961.649222, 0.139709,4059.896781
x104, 108385, 108385, 5138004, 1000000.000000, 0.001315, 0.311610,4221.079889
c-73, 169423, 169423, 724348, 145.352448, 1.275748, 0.089773,2065.582032
shipsec1, 140875, 140875, 3977139, 0.000307, 3314282.382771, 0.232202,4384.756968
Trefethen_20000, 20001, 20001, 287233, 2.059005, 35.712228, 0.025312,2905.011319
net4-1, 88344, 88344, 1265035, 0.000234, 1386339.671234, 0.111366,2907.959232
copter1, 17223, 17223, 114143, 1.525101, 19.159788, 0.012659,2308.250843
pkustk01, 22045, 22045, 500712, 2.509446, 51.079902, 0.028307,4528.256923
Freescale1, 3428756, 3428756, 18920347, 1000000.000000, 0.004844, 3.255165,1487.976570
ramage02, 16831, 16831, 1441591, 0.000198, 1860117.444516, 0.090157,4093.393929
circuit_4, 80210, 80210, 307604, 32.633850, 2.413035, 0.043523,1809.302201
s4dkt3m2, 90450, 90450, 1921955, 0.000250, 1971235.965621, 0.090186,5455.643442
c-71, 76639, 76639, 468096, 29.804325, 4.020644, 0.046851,2557.726939
finance256, 37377, 37377, 167936, 7.113325, 6.043815, 0.018605,2310.780861
kron_g500-logn20, 1048577, 1048577, 44620272, 1000000.000000, 0.011423, 5.319625,2147.292077
nd12k, 36001, 36001, 7128473, 1000000.000000, 0.001825, 0.436099,4184.573388
3D_51448_3D, 51449, 51449, 1056610, 0.000298, 908911.804697, 0.059290,4562.219462
Cube_Coup_dt6, 2164761, 2164761, 64685452, 1000000.000000, 0.016559, 4.031978,4107.035782
ex19, 12006, 12006, 259879, 0.754147, 88.217558, 0.023293,2856.205609
conf5_4-8x8-05, 49153, 49153, 1916928, 0.000259, 1893262.261547, 0.128915,3806.638457
nasasrb, 54871, 54871, 1366097, 0.000230, 1517885.501867, 0.068701,5090.491234
email-Enron, 36693, 36693, 367654, 6.861735, 13.716564, 0.029603,3179.366431
wy2010, 86205, 86205, 213793, 37.676830, 1.452644, 0.042813,1278.379538
lowThrust_12, 18459, 18459, 117423, 1.746438, 17.212338, 0.012902,2329.821447
NotreDame_www, 325730, 325730, 929849, 536.819092, 0.443429, 0.142534,1670.062424
filter3D, 106438, 106438, 1406808, 0.000227, 1585135.725349, 0.087584,4111.970732
lowThrust_5, 16263, 16263, 103701, 1.360419, 19.514174, 0.012822,2070.396800
net100, 29921, 29921, 1031560, 0.000310, 850771.165085, 0.076950,3431.812653
CoupCons3D, 416801, 416801, 22322336, 1000000.000000, 0.005715, 1.347270,4241.552434
barrier2-3, 113077, 113077, 3805068, 0.000301, 3238355.651026, 0.310320,3139.009477
raefsky3, 21201, 21201, 1488768, 0.000272, 1401193.417176, 0.088691,4297.208889
vsp_bump2_e18_aa01_model1_crew1, 56439, 56439, 300801, 16.181002, 4.758980, 0.032685,2355.989816
Ge99H100, 112986, 112986, 4282190, 0.000288, 3806391.053407, 0.258077,4247.730110
net50, 16321, 16321, 480760, 1.387430, 88.706836, 0.037392,3291.467750
vsp_sctap1-2b_and_seymourl, 40175, 40175, 140831, 8.206845, 4.393008, 0.022333,1614.340204
nv2010, 84539, 84539, 208499, 36.233330, 1.473112, 0.040979,1302.508180
af_shell1, 504856, 504856, 9046865, 1000000.000000, 0.002316, 0.412995,5607.807224
thread, 29737, 29737, 2249892, 0.000189, 3050700.924719, 0.134701,4275.938646
hood, 220543, 220543, 5494489, 1000000.000000, 0.001407, 0.369558,3806.135002
inlet, 11731, 11731, 328323, 0.724109, 116.074669, 0.022352,3760.320758
SiO, 33402, 33402, 675528, 5.702525, 30.326070, 0.043024,4019.504599
c-62, 41732, 41732, 300537, 8.869610, 8.674279, 0.027328,2815.334949
crankseg_2, 63839, 63839, 7106348, 1000000.000000, 0.001819, 0.438269,4150.934470
vsp_vibrobox_scagr7-2c_rlfddd, 77329, 77329, 435586, 30.347538, 3.674434, 0.045421,2455.043048
Bump_2911, 2911420, 2911420, 65320659, 1000000.000000, 0.016722, 2.913952,5738.628616
brack2, 62632, 62632, 366559, 19.943335, 4.705286, 0.038326,2448.419438
c-54, 31794, 31794, 211743, 5.154288, 10.516721, 0.021776,2489.263815
kim1, 38416, 38416, 933195, 7.538211, 31.691593, 0.048022,4974.718327
raefsky4, 19780, 19780, 674195, 2.043446, 84.462173, 0.039091,4415.160486
trdheim, 22099, 22099, 978711, 2.557757, 97.956935, 0.054822,4570.212699
boneS10, 914899, 914899, 28191660, 1000000.000000, 0.007217, 1.727459,4177.849868
TSOPF_RS_b678_c1, 18697, 18697, 4396289, 0.000237, 4752744.657814, 0.297248,3786.232243
consph, 83335, 83335, 3046907, 0.000314, 2487271.101709, 0.192362,4054.905818
human_gene2, 14341, 14341, 9041364, 1000000.000000, 0.002315, 0.609424,3797.994684
gearbox, 153747, 153747, 4617075, 0.000266, 4450192.824989, 0.272176,4342.672333
c-63, 44235, 44235, 239469, 9.956518, 6.157179, 0.024803,2471.619110
barrier2-9, 115626, 115626, 3897557, 0.000227, 4391613.384544, 0.318109,3136.582833
598a, 110972, 110972, 741934, 62.500988, 3.038914, 0.098032,1937.480705
wikipedia-20060925, 2983495, 2983495, 37269096, 1000000.000000, 0.009541, 6.640212,1436.835046
Zd_Jac2, 22836, 22836, 1642833, 0.000227, 1851079.379049, 0.111699,3765.159009
fxm4_6, 18893, 18893, 258368, 1.837328, 35.999130, 0.021286,3107.252004
TSOPF_FS_b39_c30, 120217, 120217, 1575639, 0.000253, 1595583.845124, 0.135264,2982.046769
pkustk12, 94654, 94654, 3803485, 0.000384, 2535656.730723, 0.243562,3997.724409
lhr71c, 70305, 70305, 1528092, 0.000326, 1198503.551139, 0.136691,2861.863455
ted_A_unscaled, 10606, 10606, 424587, 0.600150, 181.111723, 0.035027,3103.139048
TSOPF_RS_b162_c4, 20375, 20375, 812749, 2.159059, 96.367783, 0.056010,3714.787010
c-60, 43641, 43641, 171109, 9.685716, 4.522526, 0.022272,1966.770140
audikw_1, 943696, 943696, 39297771, 1000000.000000, 0.010060, 2.561104,3928.083096
lowThrust_6, 16929, 16929, 108376, 1.472906, 18.836411, 0.012582,2205.005009
t3dh_a, 79172, 79172, 2215638, 0.000298, 1905925.112515, 0.139814,4056.830522
FullChip, 2987013, 2987013, 26621990, 1000000.000000, 0.006815, 3.406765,2000.498852
caidaRouterLevel, 192245, 192245, 609066, 187.124695, 0.833246, 0.099734,1563.361221
netherlands_osm, 2216689, 2216689, 2441238, 0.000243, 2569724.324646, 0.736858,848.137990
af_shell10, 1508066, 1508066, 27090195, 1000000.000000, 0.006935, 1.199696,5780.706197
Dubcova3, 146690, 146690, 1891669, 0.000221, 2193239.371622, 0.116502,4156.714767
c-61, 43619, 43619, 176817, 9.681485, 4.675435, 0.022541,2008.143076
web-NotreDame, 325730, 325730, 1497134, 0.000166, 2303283.102881, 0.194240,1973.158506
af_shell2, 504856, 504856, 9046865, 1000000.000000, 0.002316, 0.413200,5605.027728
TSOPF_RS_b162_c3, 15375, 15375, 610299, 1.243562, 125.636358, 0.039830,3922.545333
a2nnsnsl, 80017, 80017, 196115, 32.465954, 1.546403, 0.035475,1415.226395
web-Google, 916429, 916429, 5105039, 1000000.000000, 0.001307, 1.139635,1146.761705
wikipedia-20061104, 3148441, 3148441, 39383235, 1000000.000000, 0.010082, 7.072381,1425.560699
dielFilterV3clx, 420409, 420409, 16653308, 1000000.000000, 0.004263, 1.047213,4071.041610
luxembourg_osm, 114600, 114600, 119666, 66.552368, 0.460307, 0.043610,702.471362
gas_sensor, 66918, 66918, 885141, 22.778986, 9.947594, 0.054995,4120.288827
kkt_power, 2063495, 2063495, 8130343, 1000000.000000, 0.002081, 1.187005,1753.462061
coAuthorsCiteseer, 227321, 227321, 814134, 261.604279, 0.796693, 0.106176,1962.951270
msdoor, 415864, 415864, 10328399, 1000000.000000, 0.002644, 0.684272,3864.063021
Ga3As3H12, 61350, 61350, 3016148, 0.000301, 2566934.393848, 0.175578,4397.678673
c-50, 22402, 22402, 108013, 2.567069, 10.771557, 0.020026,1380.798943
pkustk10, 80677, 80677, 2194830, 0.000262, 2141297.596069, 0.143725,3909.391304
t3dh_e, 79172, 79172, 2215638, 0.000291, 1947813.589923, 0.139558,4064.272256
ibm_matrix_2, 51449, 51449, 1056610, 0.000310, 871430.959654, 0.057923,4669.841627
troll, 213454, 213454, 6099282, 1000000.000000, 0.001561, 0.338966,4606.404122
3Dspectralwave, 680944, 680944, 17165766, 1000000.000000, 0.004394, 1.242464,3536.872055
Stanford, 281904, 281904, 2312497, 0.000269, 2202378.112721, 0.390675,1515.323254
bone010, 986704, 986704, 36326514, 1000000.000000, 0.009300, 2.207997,4211.775939
c-65, 48067, 48067, 204297, 11.749292, 4.451334, 0.024858,2103.985579
af_0_k101, 503626, 503626, 9027150, 1000000.000000, 0.002311, 0.408067,5663.161657
as-caida, 31380, 31380, 106762, 5.010905, 5.454318, 0.021984,1243.225590
rim, 22561, 22561, 1014951, 0.000339, 766000.758294, 0.060061,4326.073908
ckt11752_tr_0, 49703, 49703, 333029, 12.568880, 6.783057, 0.030886,2760.290118
circuit5M_dc, 3523318, 3523318, 19194193, 1000000.000000, 0.004914, 2.669267,1840.847283
coAuthorsDBLP, 299068, 299068, 977676, 452.679108, 0.552897, 0.140800,1777.592737
bcsstk17, 10975, 10975, 219812, 0.629434, 89.400810, 0.020912,2690.888990
TSOPF_FS_b300_c3, 84415, 84415, 6578753, 1000000.000000, 0.001684, 0.449955,3742.952305
TSOPF_FS_b162_c1, 10799, 10799, 305732, 0.612675, 127.746958, 0.021987,3559.679849
2D_54019_highK, 54020, 54020, 996414, 14.875194, 17.148145, 0.055197,4621.318517
rajat30, 643995, 643995, 6175377, 1000000.000000, 0.001581, 0.659776,2396.110898
cont-201, 80596, 80596, 239596, 32.952492, 1.861364, 0.037987,1614.664332
citationCiteseer, 268496, 268496, 1156647, 0.000227, 1303264.184819, 0.186464,1587.982841
OPF_10000, 43888, 43888, 255799, 9.801715, 6.680927, 0.025910,2527.345799
144, 144650, 144650, 1074393, 0.000230, 1193769.957775, 0.114381,2404.639645
cant, 62452, 62452, 2034917, 0.000221, 2359324.005618, 0.127418,4088.436381
3Dspectralwave2, 292009, 292009, 7307376, 1000000.000000, 0.001871, 0.518230,3609.761778
F1, 343792, 343792, 13590452, 1000000.000000, 0.003479, 1.053891,3301.247578
bmw7st_1, 141348, 141348, 3740507, 0.000230, 4156118.741883, 0.230250,4158.833762
srb1, 54925, 54925, 1508538, 0.000326, 1183167.080273, 0.085712,4505.620428
G2_circuit, 150103, 150103, 438388, 114.111816, 0.983486, 0.062371,1799.345330
rajat29, 643995, 643995, 4866270, 0.000202, 6179390.525245, 0.548739,2270.231709
vsp_msc10848_300sep_100in_1Kout, 21997, 21997, 1221028, 0.000214, 1457943.862013, 0.101427,3081.847629
ship_003, 121729, 121729, 4103881, 0.000227, 4624091.123792, 0.249411,4212.294916
conf6_0-8x8-80, 49153, 49153, 1916928, 0.000256, 1916928.048426, 0.128986,3804.561008
rajat26, 51033, 51033, 249302, 13.236119, 4.821754, 0.028352,2251.033756
TSOPF_RS_b39_c7, 14099, 14099, 252446, 1.028541, 62.832875, 0.020637,3131.598708
qa8fm, 66128, 66128, 863353, 22.233204, 9.940914, 0.052957,4173.559601
Si5H12, 19897, 19897, 379247, 2.039043, 47.614112, 0.029050,3342.119505
ldoor, 952204, 952204, 23737339, 1000000.000000, 0.006077, 1.635834,3714.778185
TSOPF_FS_b300, 29215, 29215, 2203949, 0.000250, 2260460.591010, 0.125418,4498.658360
coPapersDBLP, 540487, 540487, 15245729, 1000000.000000, 0.003903, 1.048173,3723.533727
mult_dcop_03, 25188, 25188, 193216, 3.243725, 15.248919, 0.024182,2045.425424
af_shell6, 504856, 504856, 9046865, 1000000.000000, 0.002316, 0.412742,5611.242201
cont-300, 180896, 180896, 539396, 165.707870, 0.833306, 0.088755,1555.800364
HTC_336_9129, 226341, 226341, 554881, 259.364716, 0.547683, 0.129536,1096.602793
Fault_639, 638803, 638803, 14626683, 1000000.000000, 0.003744, 0.737536,5076.946538
auto, 448696, 448696, 3314611, 0.000224, 3788126.755966, 0.492314,1723.576955
c-59, 41283, 41283, 260909, 8.678563, 7.696286, 0.024851,2687.705384
ML_Laplace, 377003, 377003, 27689972, 1000000.000000, 0.007089, 1.647773,4301.947987
Ga41As41H72, 268097, 268097, 9378286, 1000000.000000, 0.002401, 0.556106,4317.239670
amazon0505, 410236, 410236, 4878874, 0.000224, 5575855.851074, 0.692224,1804.317365
oilpan, 73753, 73753, 1835470, 0.000234, 2011473.893102, 0.116957,4017.554713
3D_28984_Tetra, 28985, 28985, 599170, 4.303504, 35.642470, 0.035251,4351.270854
pkustk02, 10801, 10801, 410400, 0.622960, 168.650316, 0.024381,4309.226910
c-69, 67459, 67459, 345714, 23.115856, 3.828661, 0.038019,2327.844387
lowThrust_13, 18477, 18477, 117580, 1.751814, 17.182459, 0.013050,2306.620976
c-66b, 49990, 49990, 274498, 12.707132, 5.530082, 0.027114,2591.743319
s3dkq4m2, 90450, 90450, 2455670, 0.000294, 2135365.170008, 0.124403,5053.338718
hollywood-2009, 1139906, 1139906, 57515616, 1000000.000000, 0.014724, 4.661094,3158.914366
RM07R, 381690, 381690, 37464962, 1000000.000000, 0.009591, 2.305789,4159.544126
c-57, 37834, 37834, 221515, 7.288064, 7.780920, 0.023149,2449.709658
helm2d03, 392258, 392258, 1567096, 0.000330, 1217161.959599, 0.187987,2134.063296
t3dl_a, 20361, 20361, 265113, 2.131616, 31.839190, 0.020490,3312.359783
skirt, 12599, 12599, 104559, 0.821325, 32.590156, 0.012570,2129.511143
Serena, 1391350, 1391350, 32961525, 1000000.000000, 0.008438, 2.013670,4190.432860
darcy003, 389875, 389875, 1167685, 0.000221, 1353837.651118, 0.268122,1114.894734
t3dl, 20361, 20361, 265113, 2.133190, 31.815692, 0.021398,3171.682403
transient, 178867, 178867, 961790, 162.077682, 1.519137, 0.138979,1771.619394
nh2010, 48838, 48838, 117275, 12.114365, 2.478248, 0.023568,1273.862870
ct20stif, 52330, 52330, 1375396, 0.000259, 1358415.830685, 0.083082,4238.018867
coPapersCiteseer, 434103, 434103, 16036720, 1000000.000000, 0.004105, 1.038982,3951.366601
cbuckle, 13682, 13682, 345098, 0.977510, 90.377649, 0.022438,3937.227699
roadNet-CA, 1971282, 1971282, 5533206, 1000000.000000, 0.001417, 0.745968,1898.875985
viscorocks, 37763, 37763, 1162244, 0.000256, 1162244.029361, 0.060835,4890.827372
TSOPF_FS_b162_c3, 30799, 30799, 904612, 4.867072, 47.581108, 0.053354,4340.488077
Dubcova1, 16130, 16130, 134569, 1.342490, 25.661028, 0.013485,2554.703396
venturiLevel3, 4026820, 4026820, 8054237, 1000000.000000, 0.002062, 1.557984,1323.431249
mult_dcop_01, 25188, 25188, 193276, 3.243226, 15.256002, 0.023930,2067.675813
bauru5727, 40367, 40367, 145019, 8.288656, 4.478997, 0.021261,1746.165005
barrier2-11, 115626, 115626, 3897557, 0.000314, 3181679.287672, 0.318064,3137.024616
TSOPF_RS_b300_c3, 42139, 42139, 4413449, 0.000234, 4836656.247193, 0.288752,3912.848793
delaunay_n22, 4194305, 4194305, 12582869, 1000000.000000, 0.003221, 1.758787,1831.497606
fem_hifreq_circuit, 491101, 491101, 20239237, 1000000.000000, 0.005181, 1.664454,3112.878601
tsyl201, 20686, 20686, 1237821, 0.000310, 1020883.336245, 0.075213,4213.141565
delaunay_n17, 131073, 131073, 393176, 87.066803, 1.156044, 0.058458,1721.812975
conf5_4-8x8-20, 49153, 49153, 1916928, 0.000269, 1825645.728778, 0.128707,3812.790501
adaptive, 6815745, 6815745, 13624320, 1000000.000000, 0.003488, 2.981322,1169.892576
Si34H36, 97570, 97570, 2626974, 0.000256, 2626974.066363, 0.157238,4276.979059
shermanACb, 18511, 18511, 145149, 1.756662, 21.152695, 0.020899,1777.969646
net75, 23121, 23121, 756160, 2.763859, 70.038648, 0.056634,3418.058682
wikipedia-20070206, 3566908, 3566908, 45030389, 1000000.000000, 0.011528, 8.254214,1396.593173
delaunay_n20, 1048577, 1048577, 3145686, 0.000218, 3700806.993920, 0.447398,1799.952030
flickr, 820879, 820879, 9837214, 1000000.000000, 0.002518, 1.254410,2007.579331
CurlCurl_4, 2380516, 2380516, 14448191, 1000000.000000, 0.003699, 1.178701,3137.977684
shipsec8, 114920, 114920, 3384159, 0.000240, 3609769.428545, 0.201654,4296.185253
2D_27628_bjtcai, 27629, 27629, 442898, 3.908125, 29.011838, 0.029226,3879.540160
pkustk06, 43165, 43165, 1307466, 0.000278, 1202267.581387, 0.082086,4077.548621
parabolic_fem, 525826, 525826, 2100225, 0.000218, 2470852.897844, 0.402934,1334.355143
jan99jac120sc, 41375, 41375, 260202, 8.708416, 7.649119, 0.025792,2582.650154
cond-mat-2005, 40422, 40422, 175693, 8.315948, 5.408572, 0.023264,1933.348020
sinc15, 11533, 11533, 568526, 0.704522, 206.583665, 0.040832,3564.426248
msc23052, 23053, 23053, 588933, 2.750026, 54.823799, 0.039194,3846.721056
vibrobox, 12329, 12329, 177578, 0.790483, 57.509089, 0.022013,2065.160636
gyro_k, 17362, 17362, 519260, 1.573370, 84.487815, 0.028371,4685.404923
GitHub, 37700, 37700, 615706, 7.255341, 21.724788, 0.048726,3234.811799
artist, 50515, 50515, 1638396, 0.000323, 1297739.434050, 0.132941,3155.008548
ell, 203769, 203769, 672479, 210.215408, 0.818944, 0.093187,1847.406319
amazon, 403394, 403394, 9068096, 1000000.000000, 0.002321, 1.027856,2258.519333
amazon0505, 410236, 410236, 4878874, 0.000198, 6295321.375478, 0.691837,1805.327165
dd, 334925, 334925, 1686092, 0.000227, 1899821.912745, 0.150067,2876.308460
yelp, 716847, 716847, 13954819, 1000000.000000, 0.003572, 2.446493,1460.226538
comamazon, 334863, 334863, 1851744, 0.000173, 2743324.439820, 0.457267,1036.694684
IGB_small, 1000000, 1000000, 13068130, 1000000.000000, 0.003345, 3.384019,988.600003
reddit, 232965, 232965, 114848857, 1000000.000000, 0.029401, 9.839338,2988.138798
ogb, 2449029, 2449029, 126167053, 1000000.000000, 0.032299, 33.947311,951.438103
AmazonProducts, 1569960, 1569960, 264339468, 1000000.000000, 0.067671, 37.334206,1812.571070
